datetime,day,price
2022-12-07T00:00:00Z,2022-12-07,338.47999999999996
2022-12-07T01:00:00Z,2022-12-07,334.03
2022-12-07T02:00:00Z,2022-12-07,326.28999999999996
2022-12-07T03:00:00Z,2022-12-07,314.42999999999995
2022-12-07T04:00:00Z,2022-12-07,310.09
2022-12-07T05:00:00Z,2022-12-07,332.05
2022-12-07T06:00:00Z,2022-12-07,387.45
2022-12-07T07:00:00Z,2022-12-07,449.06
2022-12-07T08:00:00Z,2022-12-07,472.27
2022-12-07T09:00:00Z,2022-12-07,469.64000000000004
2022-12-07T10:00:00Z,2022-12-07,460.96
2022-12-07T11:00:00Z,2022-12-07,453.45
2022-12-07T12:00:00Z,2022-12-07,439.17
2022-12-07T13:00:00Z,2022-12-07,433.97999999999996
2022-12-07T14:00:00Z,2022-12-07,439.15000000000003
2022-12-07T15:00:00Z,2022-12-07,447
2022-12-07T16:00:00Z,2022-12-07,450.39
2022-12-07T17:00:00Z,2022-12-07,466.28
2022-12-07T18:00:00Z,2022-12-07,467.3
2022-12-07T19:00:00Z,2022-12-07,453.97999999999996
2022-12-07T20:00:00Z,2022-12-07,427.7
2022-12-07T21:00:00Z,2022-12-07,371.16
2022-12-07T22:00:00Z,2022-12-07,360.74
2022-12-07T23:00:00Z,2022-12-07,355.47999999999996
2022-12-08T00:00:00Z,2022-12-08,336
2022-12-08T01:00:00Z,2022-12-08,338.37
2022-12-08T02:00:00Z,2022-12-08,328.03
2022-12-08T03:00:00Z,2022-12-08,316.55
2022-12-08T04:00:00Z,2022-12-08,305.40999999999997
2022-12-08T05:00:00Z,2022-12-08,325.86
2022-12-08T06:00:00Z,2022-12-08,370.18
2022-12-08T07:00:00Z,2022-12-08,412.87
2022-12-08T08:00:00Z,2022-12-08,437
2022-12-08T09:00:00Z,2022-12-08,433.08
2022-12-08T10:00:00Z,2022-12-08,430.89
2022-12-08T11:00:00Z,2022-12-08,433.44
2022-12-08T12:00:00Z,2022-12-08,427.41999999999996
2022-12-08T13:00:00Z,2022-12-08,429.67
2022-12-08T14:00:00Z,2022-12-08,440.91999999999996
2022-12-08T15:00:00Z,2022-12-08,453.91999999999996
2022-12-08T16:00:00Z,2022-12-08,459.64000000000004
2022-12-08T17:00:00Z,2022-12-08,473.52
2022-12-08T18:00:00Z,2022-12-08,469.25
2022-12-08T19:00:00Z,2022-12-08,450.02
2022-12-08T20:00:00Z,2022-12-08,429.01
2022-12-08T21:00:00Z,2022-12-08,377.39
2022-12-08T22:00:00Z,2022-12-08,370.36
2022-12-08T23:00:00Z,2022-12-08,364.5
2022-12-09T00:00:00Z,2022-12-09,351.55
2022-12-09T01:00:00Z,2022-12-09,332.64000000000004
2022-12-09T02:00:00Z,2022-12-09,321.7
2022-12-09T03:00:00Z,2022-12-09,315.01
2022-12-09T04:00:00Z,2022-12-09,322.75
2022-12-09T05:00:00Z,2022-12-09,335.4
2022-12-09T06:00:00Z,2022-12-09,385.39
2022-12-09T07:00:00Z,2022-12-09,460.98999999999995
2022-12-09T08:00:00Z,2022-12-09,474.62
2022-12-09T09:00:00Z,2022-12-09,476.06
2022-12-09T10:00:00Z,2022-12-09,474.83
2022-12-09T11:00:00Z,2022-12-09,474.64000000000004
2022-12-09T12:00:00Z,2022-12-09,471.25
2022-12-09T13:00:00Z,2022-12-09,468.81
2022-12-09T14:00:00Z,2022-12-09,474.66
2022-12-09T15:00:00Z,2022-12-09,472.97999999999996
2022-12-09T16:00:00Z,2022-12-09,474.26
2022-12-09T17:00:00Z,2022-12-09,500.07
2022-12-09T18:00:00Z,2022-12-09,483.96999999999997
2022-12-09T19:00:00Z,2022-12-09,456.41999999999996
2022-12-09T20:00:00Z,2022-12-09,436.34000000000003
2022-12-09T21:00:00Z,2022-12-09,387.62
2022-12-09T22:00:00Z,2022-12-09,375.03
2022-12-09T23:00:00Z,2022-12-09,360.18
2022-12-10T00:00:00Z,2022-12-10,346.81
2022-12-10T01:00:00Z,2022-12-10,338.87
2022-12-10T02:00:00Z,2022-12-10,325.40999999999997
2022-12-10T03:00:00Z,2022-12-10,314.89
2022-12-10T04:00:00Z,2022-12-10,306.09
2022-12-10T05:00:00Z,2022-12-10,310.48999999999995
2022-12-10T06:00:00Z,2022-12-10,325.67
2022-12-10T07:00:00Z,2022-12-10,346.84000000000003
2022-12-10T08:00:00Z,2022-12-10,369.75
2022-12-10T09:00:00Z,2022-12-10,391.28999999999996
2022-12-10T10:00:00Z,2022-12-10,401.12
2022-12-10T11:00:00Z,2022-12-10,404.92999999999995
2022-12-10T12:00:00Z,2022-12-10,390.96
2022-12-10T13:00:00Z,2022-12-10,379.88
2022-12-10T14:00:00Z,2022-12-10,392.89
2022-12-10T15:00:00Z,2022-12-10,398.19
2022-12-10T16:00:00Z,2022-12-10,421.71
2022-12-10T17:00:00Z,2022-12-10,443.83
2022-12-10T18:00:00Z,2022-12-10,439.16
2022-12-10T19:00:00Z,2022-12-10,422.03
2022-12-10T20:00:00Z,2022-12-10,383.84000000000003
2022-12-10T21:00:00Z,2022-12-10,364.69
2022-12-10T22:00:00Z,2022-12-10,359.42999999999995
2022-12-10T23:00:00Z,2022-12-10,343.88
2022-12-11T00:00:00Z,2022-12-11,342.66
2022-12-11T01:00:00Z,2022-12-11,338.12
2022-12-11T02:00:00Z,2022-12-11,331.67
2022-12-11T03:00:00Z,2022-12-11,317.26
2022-12-11T04:00:00Z,2022-12-11,298.81
2022-12-11T05:00:00Z,2022-12-11,294.11
2022-12-11T06:00:00Z,2022-12-11,296.21999999999997
2022-12-11T07:00:00Z,2022-12-11,318.22999999999996
2022-12-11T08:00:00Z,2022-12-11,329.19
2022-12-11T09:00:00Z,2022-12-11,350.02
2022-12-11T10:00:00Z,2022-12-11,364.06
2022-12-11T11:00:00Z,2022-12-11,383.21999999999997
2022-12-11T12:00:00Z,2022-12-11,382.72999999999996
2022-12-11T13:00:00Z,2022-12-11,359.05
2022-12-11T14:00:00Z,2022-12-11,359.98999999999995
2022-12-11T15:00:00Z,2022-12-11,374.96999999999997
2022-12-11T16:00:00Z,2022-12-11,406.56
2022-12-11T17:00:00Z,2022-12-11,435.62
2022-12-11T18:00:00Z,2022-12-11,444.59
2022-12-11T19:00:00Z,2022-12-11,432.69
2022-12-11T20:00:00Z,2022-12-11,402.75
2022-12-11T21:00:00Z,2022-12-11,373.64000000000004
2022-12-11T22:00:00Z,2022-12-11,364.91999999999996
2022-12-11T23:00:00Z,2022-12-11,351.72999999999996
2022-12-12T00:00:00Z,2022-12-12,381.67
2022-12-12T01:00:00Z,2022-12-12,369.63
2022-12-12T02:00:00Z,2022-12-12,364.92999999999995
2022-12-12T03:00:00Z,2022-12-12,362.46999999999997
2022-12-12T04:00:00Z,2022-12-12,362.57
2022-12-12T05:00:00Z,2022-12-12,374.5
2022-12-12T06:00:00Z,2022-12-12,443.55
2022-12-12T07:00:00Z,2022-12-12,479.33
2022-12-12T08:00:00Z,2022-12-12,504.67
2022-12-12T09:00:00Z,2022-12-12,492.42999999999995
2022-12-12T10:00:00Z,2022-12-12,481.03
2022-12-12T11:00:00Z,2022-12-12,481.03
2022-12-12T12:00:00Z,2022-12-12,473.75
2022-12-12T13:00:00Z,2022-12-12,479.69
2022-12-12T14:00:00Z,2022-12-12,482.67
2022-12-12T15:00:00Z,2022-12-12,492.40999999999997
2022-12-12T16:00:00Z,2022-12-12,519.71
2022-12-12T17:00:00Z,2022-12-12,550.16
2022-12-12T18:00:00Z,2022-12-12,540.3599999999999
2022-12-12T19:00:00Z,2022-12-12,509.53
2022-12-12T20:00:00Z,2022-12-12,480.97999999999996
2022-12-12T21:00:00Z,2022-12-12,451.37
2022-12-12T22:00:00Z,2022-12-12,416.64000000000004
2022-12-12T23:00:00Z,2022-12-12,389.21
2022-12-13T00:00:00Z,2022-12-13,339.69
2022-12-13T01:00:00Z,2022-12-13,320.09
2022-12-13T02:00:00Z,2022-12-13,312.26
2022-12-13T03:00:00Z,2022-12-13,304.96999999999997
2022-12-13T04:00:00Z,2022-12-13,306.71999999999997
2022-12-13T05:00:00Z,2022-12-13,318.28999999999996
2022-12-13T06:00:00Z,2022-12-13,376.87
2022-12-13T07:00:00Z,2022-12-13,478.32
2022-12-13T08:00:00Z,2022-12-13,525
2022-12-13T09:00:00Z,2022-12-13,499.46
2022-12-13T10:00:00Z,2022-12-13,479.38
2022-12-13T11:00:00Z,2022-12-13,471.18
2022-12-13T12:00:00Z,2022-12-13,459.76
2022-12-13T13:00:00Z,2022-12-13,467.28999999999996
2022-12-13T14:00:00Z,2022-12-13,497.84000000000003
2022-12-13T15:00:00Z,2022-12-13,511.92999999999995
2022-12-13T16:00:00Z,2022-12-13,533.16
2022-12-13T17:00:00Z,2022-12-13,532.39
2022-12-13T18:00:00Z,2022-12-13,506.92999999999995
2022-12-13T19:00:00Z,2022-12-13,485.39
2022-12-13T20:00:00Z,2022-12-13,455.4
2022-12-13T21:00:00Z,2022-12-13,389.33
2022-12-13T22:00:00Z,2022-12-13,369.34000000000003
2022-12-13T23:00:00Z,2022-12-13,345.66
2022-12-14T00:00:00Z,2022-12-14,344.92999999999995
2022-12-14T01:00:00Z,2022-12-14,320.03
2022-12-14T02:00:00Z,2022-12-14,306.48999999999995
2022-12-14T03:00:00Z,2022-12-14,293.08
2022-12-14T04:00:00Z,2022-12-14,285.56
2022-12-14T05:00:00Z,2022-12-14,312.84000000000003
2022-12-14T06:00:00Z,2022-12-14,366.1
2022-12-14T07:00:00Z,2022-12-14,474.26
2022-12-14T08:00:00Z,2022-12-14,529.26
2022-12-14T09:00:00Z,2022-12-14,530.72
2022-12-14T10:00:00Z,2022-12-14,518.7900000000001
2022-12-14T11:00:00Z,2022-12-14,511.88
2022-12-14T12:00:00Z,2022-12-14,501.9
2022-12-14T13:00:00Z,2022-12-14,499.18
2022-12-14T14:00:00Z,2022-12-14,518.08
2022-12-14T15:00:00Z,2022-12-14,526.3399999999999
2022-12-14T16:00:00Z,2022-12-14,534.8
2022-12-14T17:00:00Z,2022-12-14,581.72
2022-12-14T18:00:00Z,2022-12-14,556.59
2022-12-14T19:00:00Z,2022-12-14,514.89
2022-12-14T20:00:00Z,2022-12-14,463.17
2022-12-14T21:00:00Z,2022-12-14,393.78999999999996
2022-12-14T22:00:00Z,2022-12-14,356.90999999999997
2022-12-14T23:00:00Z,2022-12-14,336.65000000000003
2022-12-15T00:00:00Z,2022-12-15,326.39
2022-12-15T01:00:00Z,2022-12-15,313.84000000000003
2022-12-15T02:00:00Z,2022-12-15,305.91999999999996
2022-12-15T03:00:00Z,2022-12-15,294.89
2022-12-15T04:00:00Z,2022-12-15,294.37
2022-12-15T05:00:00Z,2022-12-15,314.27
2022-12-15T06:00:00Z,2022-12-15,358.92999999999995
2022-12-15T07:00:00Z,2022-12-15,453.38
2022-12-15T08:00:00Z,2022-12-15,506.53
2022-12-15T09:00:00Z,2022-12-15,506.8
2022-12-15T10:00:00Z,2022-12-15,490.81
2022-12-15T11:00:00Z,2022-12-15,479.25
2022-12-15T12:00:00Z,2022-12-15,460.18
2022-12-15T13:00:00Z,2022-12-15,456.98999999999995
2022-12-15T14:00:00Z,2022-12-15,464.44
2022-12-15T15:00:00Z,2022-12-15,480.1
2022-12-15T16:00:00Z,2022-12-15,490.78
2022-12-15T17:00:00Z,2022-12-15,521.57
2022-12-15T18:00:00Z,2022-12-15,506.55
2022-12-15T19:00:00Z,2022-12-15,489.40999999999997
2022-12-15T20:00:00Z,2022-12-15,450.3
2022-12-15T21:00:00Z,2022-12-15,378.17
2022-12-15T22:00:00Z,2022-12-15,347.90999999999997
2022-12-15T23:00:00Z,2022-12-15,329.62
2022-12-16T00:00:00Z,2022-12-16,316
2022-12-16T01:00:00Z,2022-12-16,301.71
2022-12-16T02:00:00Z,2022-12-16,288.05
2022-12-16T03:00:00Z,2022-12-16,281.83
2022-12-16T04:00:00Z,2022-12-16,291.31
2022-12-16T05:00:00Z,2022-12-16,313.35
2022-12-16T06:00:00Z,2022-12-16,378.54
2022-12-16T07:00:00Z,2022-12-16,483.94
2022-12-16T08:00:00Z,2022-12-16,523.03
2022-12-16T09:00:00Z,2022-12-16,523.58
2022-12-16T10:00:00Z,2022-12-16,518.3499999999999
2022-12-16T11:00:00Z,2022-12-16,500.98999999999995
2022-12-16T12:00:00Z,2022-12-16,484.56
2022-12-16T13:00:00Z,2022-12-16,474.45
2022-12-16T14:00:00Z,2022-12-16,465.18
2022-12-16T15:00:00Z,2022-12-16,482.24
2022-12-16T16:00:00Z,2022-12-16,502.92999999999995
2022-12-16T17:00:00Z,2022-12-16,528.4399999999999
2022-12-16T18:00:00Z,2022-12-16,524
2022-12-16T19:00:00Z,2022-12-16,498.97999999999996
2022-12-16T20:00:00Z,2022-12-16,461.48999999999995
2022-12-16T21:00:00Z,2022-12-16,392.88
2022-12-16T22:00:00Z,2022-12-16,356.06
2022-12-16T23:00:00Z,2022-12-16,333.97999999999996
2022-12-17T00:00:00Z,2022-12-17,293.61
2022-12-17T01:00:00Z,2022-12-17,275.96
2022-12-17T02:00:00Z,2022-12-17,267.26
2022-12-17T03:00:00Z,2022-12-17,258.41999999999996
2022-12-17T04:00:00Z,2022-12-17,258.8
2022-12-17T05:00:00Z,2022-12-17,254.79
2022-12-17T06:00:00Z,2022-12-17,267.34000000000003
2022-12-17T07:00:00Z,2022-12-17,298.69
2022-12-17T08:00:00Z,2022-12-17,321.62
2022-12-17T09:00:00Z,2022-12-17,340.87
2022-12-17T10:00:00Z,2022-12-17,332.71999999999997
2022-12-17T11:00:00Z,2022-12-17,320.56
2022-12-17T12:00:00Z,2022-12-17,292.62
2022-12-17T13:00:00Z,2022-12-17,285.09
2022-12-17T14:00:00Z,2022-12-17,287.87
2022-12-17T15:00:00Z,2022-12-17,295.72999999999996
2022-12-17T16:00:00Z,2022-12-17,312.51
2022-12-17T17:00:00Z,2022-12-17,342.08
2022-12-17T18:00:00Z,2022-12-17,348.17
2022-12-17T19:00:00Z,2022-12-17,345.85
2022-12-17T20:00:00Z,2022-12-17,322.08
2022-12-17T21:00:00Z,2022-12-17,285.31
2022-12-17T22:00:00Z,2022-12-17,292.46999999999997
2022-12-17T23:00:00Z,2022-12-17,293.40999999999997
2022-12-18T00:00:00Z,2022-12-18,279.96
2022-12-18T01:00:00Z,2022-12-18,272.02
2022-12-18T02:00:00Z,2022-12-18,268.28999999999996
2022-12-18T03:00:00Z,2022-12-18,252.6
2022-12-18T04:00:00Z,2022-12-18,250.49
2022-12-18T05:00:00Z,2022-12-18,253.95000000000002
2022-12-18T06:00:00Z,2022-12-18,247.22
2022-12-18T07:00:00Z,2022-12-18,266
2022-12-18T08:00:00Z,2022-12-18,257.96
2022-12-18T09:00:00Z,2022-12-18,267.58
2022-12-18T10:00:00Z,2022-12-18,261.5
2022-12-18T11:00:00Z,2022-12-18,261.56
2022-12-18T12:00:00Z,2022-12-18,266.19
2022-12-18T13:00:00Z,2022-12-18,257.82
2022-12-18T14:00:00Z,2022-12-18,255.4
2022-12-18T15:00:00Z,2022-12-18,261.94
2022-12-18T16:00:00Z,2022-12-18,269.98999999999995
2022-12-18T17:00:00Z,2022-12-18,286.46999999999997
2022-12-18T18:00:00Z,2022-12-18,285.82
2022-12-18T19:00:00Z,2022-12-18,283.46
2022-12-18T20:00:00Z,2022-12-18,285.2
2022-12-18T21:00:00Z,2022-12-18,277.98999999999995
2022-12-18T22:00:00Z,2022-12-18,272.54
2022-12-18T23:00:00Z,2022-12-18,270
2022-12-19T00:00:00Z,2022-12-19,228.44
2022-12-19T01:00:00Z,2022-12-19,225.89000000000001
2022-12-19T02:00:00Z,2022-12-19,215.79
2022-12-19T03:00:00Z,2022-12-19,214.9
2022-12-19T04:00:00Z,2022-12-19,221.43
2022-12-19T05:00:00Z,2022-12-19,238.34
2022-12-19T06:00:00Z,2022-12-19,272.27
2022-12-19T07:00:00Z,2022-12-19,298.83
2022-12-19T08:00:00Z,2022-12-19,317.98999999999995
2022-12-19T09:00:00Z,2022-12-19,309.05
2022-12-19T10:00:00Z,2022-12-19,301.72999999999996
2022-12-19T11:00:00Z,2022-12-19,297.78999999999996
2022-12-19T12:00:00Z,2022-12-19,290.01
2022-12-19T13:00:00Z,2022-12-19,294.78999999999996
2022-12-19T14:00:00Z,2022-12-19,295.41999999999996
2022-12-19T15:00:00Z,2022-12-19,303.09
2022-12-19T16:00:00Z,2022-12-19,305.98999999999995
2022-12-19T17:00:00Z,2022-12-19,308.56
2022-12-19T18:00:00Z,2022-12-19,303.37
2022-12-19T19:00:00Z,2022-12-19,304.76
2022-12-19T20:00:00Z,2022-12-19,294.92999999999995
2022-12-19T21:00:00Z,2022-12-19,273.36
2022-12-19T22:00:00Z,2022-12-19,275.45
2022-12-19T23:00:00Z,2022-12-19,269.3
2022-12-20T00:00:00Z,2022-12-20,225.05
2022-12-20T01:00:00Z,2022-12-20,220.37
2022-12-20T02:00:00Z,2022-12-20,210.97
2022-12-20T03:00:00Z,2022-12-20,210
2022-12-20T04:00:00Z,2022-12-20,211.10999999999999
2022-12-20T05:00:00Z,2022-12-20,232.87
2022-12-20T06:00:00Z,2022-12-20,248.54
2022-12-20T07:00:00Z,2022-12-20,276.28999999999996
2022-12-20T08:00:00Z,2022-12-20,293.46
2022-12-20T09:00:00Z,2022-12-20,285.28999999999996
2022-12-20T10:00:00Z,2022-12-20,276.33
2022-12-20T11:00:00Z,2022-12-20,274.44
2022-12-20T12:00:00Z,2022-12-20,260.4
2022-12-20T13:00:00Z,2022-12-20,264.02
2022-12-20T14:00:00Z,2022-12-20,270.47999999999996
2022-12-20T15:00:00Z,2022-12-20,288.13
2022-12-20T16:00:00Z,2022-12-20,295.21999999999997
2022-12-20T17:00:00Z,2022-12-20,295.05
2022-12-20T18:00:00Z,2022-12-20,291.58
2022-12-20T19:00:00Z,2022-12-20,284.85
2022-12-20T20:00:00Z,2022-12-20,266.58
2022-12-20T21:00:00Z,2022-12-20,251.66
2022-12-20T22:00:00Z,2022-12-20,242.68
2022-12-20T23:00:00Z,2022-12-20,221.64
2022-12-21T00:00:00Z,2022-12-21,225.07
2022-12-21T01:00:00Z,2022-12-21,209.05
2022-12-21T02:00:00Z,2022-12-21,204.96
2022-12-21T03:00:00Z,2022-12-21,199.6
2022-12-21T04:00:00Z,2022-12-21,199.81
2022-12-21T05:00:00Z,2022-12-21,210.68
2022-12-21T06:00:00Z,2022-12-21,236.66
2022-12-21T07:00:00Z,2022-12-21,260.04
2022-12-21T08:00:00Z,2022-12-21,281.66
2022-12-21T09:00:00Z,2022-12-21,281.97999999999996
2022-12-21T10:00:00Z,2022-12-21,272.63
2022-12-21T11:00:00Z,2022-12-21,276.90999999999997
2022-12-21T12:00:00Z,2022-12-21,263.08
2022-12-21T13:00:00Z,2022-12-21,261.01
2022-12-21T14:00:00Z,2022-12-21,267.78
2022-12-21T15:00:00Z,2022-12-21,270.57
2022-12-21T16:00:00Z,2022-12-21,283.56
2022-12-21T17:00:00Z,2022-12-21,283.19
2022-12-21T18:00:00Z,2022-12-21,274.9
2022-12-21T19:00:00Z,2022-12-21,274.9
2022-12-21T20:00:00Z,2022-12-21,252.73
2022-12-21T21:00:00Z,2022-12-21,235.65
2022-12-21T22:00:00Z,2022-12-21,231.25
2022-12-21T23:00:00Z,2022-12-21,213.98000000000002
2022-12-22T00:00:00Z,2022-12-22,202.67
2022-12-22T01:00:00Z,2022-12-22,189.04
2022-12-22T02:00:00Z,2022-12-22,177.99
2022-12-22T03:00:00Z,2022-12-22,168.19
2022-12-22T04:00:00Z,2022-12-22,175.65
2022-12-22T05:00:00Z,2022-12-22,198.97
2022-12-22T06:00:00Z,2022-12-22,213.67
2022-12-22T07:00:00Z,2022-12-22,250.57
2022-12-22T08:00:00Z,2022-12-22,259.96
2022-12-22T09:00:00Z,2022-12-22,252
2022-12-22T10:00:00Z,2022-12-22,247.91
2022-12-22T11:00:00Z,2022-12-22,235.6
2022-12-22T12:00:00Z,2022-12-22,224.05
2022-12-22T13:00:00Z,2022-12-22,224.5
2022-12-22T14:00:00Z,2022-12-22,231.14
2022-12-22T15:00:00Z,2022-12-22,242.91
2022-12-22T16:00:00Z,2022-12-22,246.46
2022-12-22T17:00:00Z,2022-12-22,250.60999999999999
2022-12-22T18:00:00Z,2022-12-22,250.03
2022-12-22T19:00:00Z,2022-12-22,237.65
2022-12-22T20:00:00Z,2022-12-22,224.33
2022-12-22T21:00:00Z,2022-12-22,211.39000000000001
2022-12-22T22:00:00Z,2022-12-22,207.38000000000002
2022-12-22T23:00:00Z,2022-12-22,191.56
2022-12-23T00:00:00Z,2022-12-23,177.85000000000002
2022-12-23T01:00:00Z,2022-12-23,163.97
2022-12-23T02:00:00Z,2022-12-23,158.93
2022-12-23T03:00:00Z,2022-12-23,146.47
2022-12-23T04:00:00Z,2022-12-23,151.94
2022-12-23T05:00:00Z,2022-12-23,165.94
2022-12-23T06:00:00Z,2022-12-23,191.09
2022-12-23T07:00:00Z,2022-12-23,213.26
2022-12-23T08:00:00Z,2022-12-23,227.94
2022-12-23T09:00:00Z,2022-12-23,224.93
2022-12-23T10:00:00Z,2022-12-23,226.65
2022-12-23T11:00:00Z,2022-12-23,225
2022-12-23T12:00:00Z,2022-12-23,219.97
2022-12-23T13:00:00Z,2022-12-23,214.93
2022-12-23T14:00:00Z,2022-12-23,216.19
2022-12-23T15:00:00Z,2022-12-23,218.76999999999998
2022-12-23T16:00:00Z,2022-12-23,224.22
2022-12-23T17:00:00Z,2022-12-23,228.13
2022-12-23T18:00:00Z,2022-12-23,217.18
2022-12-23T19:00:00Z,2022-12-23,219.03
2022-12-23T20:00:00Z,2022-12-23,203.02
2022-12-23T21:00:00Z,2022-12-23,181.54
2022-12-23T22:00:00Z,2022-12-23,180.08
2022-12-23T23:00:00Z,2022-12-23,161.75
2022-12-24T00:00:00Z,2022-12-24,135.82000000000002
2022-12-24T01:00:00Z,2022-12-24,130.17
2022-12-24T02:00:00Z,2022-12-24,119.76
2022-12-24T03:00:00Z,2022-12-24,83.44000000000001
2022-12-24T04:00:00Z,2022-12-24,55.6
2022-12-24T05:00:00Z,2022-12-24,69.22
2022-12-24T06:00:00Z,2022-12-24,129.2
2022-12-24T07:00:00Z,2022-12-24,153.05
2022-12-24T08:00:00Z,2022-12-24,157.26
2022-12-24T09:00:00Z,2022-12-24,160.46
2022-12-24T10:00:00Z,2022-12-24,160.05
2022-12-24T11:00:00Z,2022-12-24,151.96
2022-12-24T12:00:00Z,2022-12-24,153.87
2022-12-24T13:00:00Z,2022-12-24,154.03
2022-12-24T14:00:00Z,2022-12-24,154.06
2022-12-24T15:00:00Z,2022-12-24,160.31
2022-12-24T16:00:00Z,2022-12-24,176.01
2022-12-24T17:00:00Z,2022-12-24,183.39000000000001
2022-12-24T18:00:00Z,2022-12-24,177.84
2022-12-24T19:00:00Z,2022-12-24,164.34
2022-12-24T20:00:00Z,2022-12-24,162.23
2022-12-24T21:00:00Z,2022-12-24,162.33
2022-12-24T22:00:00Z,2022-12-24,156.5
2022-12-24T23:00:00Z,2022-12-24,139.91
2022-12-25T00:00:00Z,2022-12-25,103.59
2022-12-25T01:00:00Z,2022-12-25,79.26
2022-12-25T02:00:00Z,2022-12-25,76.76
2022-12-25T03:00:00Z,2022-12-25,57.760000000000005
2022-12-25T04:00:00Z,2022-12-25,52.09
2022-12-25T05:00:00Z,2022-12-25,50.809999999999995
2022-12-25T06:00:00Z,2022-12-25,53.89
2022-12-25T07:00:00Z,2022-12-25,63.08
2022-12-25T08:00:00Z,2022-12-25,74.51
2022-12-25T09:00:00Z,2022-12-25,91.08
2022-12-25T10:00:00Z,2022-12-25,97.26
2022-12-25T11:00:00Z,2022-12-25,98.57
2022-12-25T12:00:00Z,2022-12-25,99.54
2022-12-25T13:00:00Z,2022-12-25,78.21000000000001
2022-12-25T14:00:00Z,2022-12-25,75.82
2022-12-25T15:00:00Z,2022-12-25,93.71000000000001
2022-12-25T16:00:00Z,2022-12-25,108.25
2022-12-25T17:00:00Z,2022-12-25,123.11999999999999
2022-12-25T18:00:00Z,2022-12-25,127.72
2022-12-25T19:00:00Z,2022-12-25,126.45
2022-12-25T20:00:00Z,2022-12-25,123.19
2022-12-25T21:00:00Z,2022-12-25,122.02
2022-12-25T22:00:00Z,2022-12-25,103.79
2022-12-25T23:00:00Z,2022-12-25,87.34
2022-12-26T00:00:00Z,2022-12-26,102.82
2022-12-26T01:00:00Z,2022-12-26,89
2022-12-26T02:00:00Z,2022-12-26,70.6
2022-12-26T03:00:00Z,2022-12-26,10.09
2022-12-26T04:00:00Z,2022-12-26,9.59
2022-12-26T05:00:00Z,2022-12-26,16.09
2022-12-26T06:00:00Z,2022-12-26,18.43
2022-12-26T07:00:00Z,2022-12-26,22.21
2022-12-26T08:00:00Z,2022-12-26,37.96
2022-12-26T09:00:00Z,2022-12-26,49.53
2022-12-26T10:00:00Z,2022-12-26,42.290000000000006
2022-12-26T11:00:00Z,2022-12-26,49.43
2022-12-26T12:00:00Z,2022-12-26,53.17
2022-12-26T13:00:00Z,2022-12-26,46.190000000000005
2022-12-26T14:00:00Z,2022-12-26,40.83
2022-12-26T15:00:00Z,2022-12-26,40.87
2022-12-26T16:00:00Z,2022-12-26,62.05
2022-12-26T17:00:00Z,2022-12-26,106.38
2022-12-26T18:00:00Z,2022-12-26,125.01
2022-12-26T19:00:00Z,2022-12-26,116.04
2022-12-26T20:00:00Z,2022-12-26,104.33
2022-12-26T21:00:00Z,2022-12-26,115.74000000000001
2022-12-26T22:00:00Z,2022-12-26,118.86999999999999
2022-12-26T23:00:00Z,2022-12-26,118.73
2022-12-27T00:00:00Z,2022-12-27,73.66
2022-12-27T01:00:00Z,2022-12-27,73.43
2022-12-27T02:00:00Z,2022-12-27,63.63
2022-12-27T03:00:00Z,2022-12-27,58.690000000000005
2022-12-27T04:00:00Z,2022-12-27,58.47
2022-12-27T05:00:00Z,2022-12-27,70
2022-12-27T06:00:00Z,2022-12-27,99.34
2022-12-27T07:00:00Z,2022-12-27,141.91
2022-12-27T08:00:00Z,2022-12-27,150.02
2022-12-27T09:00:00Z,2022-12-27,157.12
2022-12-27T10:00:00Z,2022-12-27,155
2022-12-27T11:00:00Z,2022-12-27,155.64
2022-12-27T12:00:00Z,2022-12-27,153.07
2022-12-27T13:00:00Z,2022-12-27,147.46
2022-12-27T14:00:00Z,2022-12-27,143.95000000000002
2022-12-27T15:00:00Z,2022-12-27,147.97
2022-12-27T16:00:00Z,2022-12-27,151.95000000000002
2022-12-27T17:00:00Z,2022-12-27,168.76
2022-12-27T18:00:00Z,2022-12-27,179.37
2022-12-27T19:00:00Z,2022-12-27,170.09
2022-12-27T20:00:00Z,2022-12-27,151.3
2022-12-27T21:00:00Z,2022-12-27,134.62
2022-12-27T22:00:00Z,2022-12-27,125.05
2022-12-27T23:00:00Z,2022-12-27,114.67999999999999
2022-12-28T00:00:00Z,2022-12-28,58.949999999999996
2022-12-28T01:00:00Z,2022-12-28,43.11
2022-12-28T02:00:00Z,2022-12-28,24.419999999999998
2022-12-28T03:00:00Z,2022-12-28,35.42
2022-12-28T04:00:00Z,2022-12-28,31.72
2022-12-28T05:00:00Z,2022-12-28,55.07
2022-12-28T06:00:00Z,2022-12-28,58.99
2022-12-28T07:00:00Z,2022-12-28,79.47
2022-12-28T08:00:00Z,2022-12-28,86.82
2022-12-28T09:00:00Z,2022-12-28,86.85
2022-12-28T10:00:00Z,2022-12-28,90.07
2022-12-28T11:00:00Z,2022-12-28,91.13
2022-12-28T12:00:00Z,2022-12-28,92.42
2022-12-28T13:00:00Z,2022-12-28,94.16999999999999
2022-12-28T14:00:00Z,2022-12-28,94.61999999999999
2022-12-28T15:00:00Z,2022-12-28,100.09
2022-12-28T16:00:00Z,2022-12-28,102.21000000000001
2022-12-28T17:00:00Z,2022-12-28,105.4
2022-12-28T18:00:00Z,2022-12-28,99.19
2022-12-28T19:00:00Z,2022-12-28,91.06
2022-12-28T20:00:00Z,2022-12-28,90.52
2022-12-28T21:00:00Z,2022-12-28,86.35
2022-12-28T22:00:00Z,2022-12-28,85.56
2022-12-28T23:00:00Z,2022-12-28,72.95
2022-12-29T00:00:00Z,2022-12-29,14.76
2022-12-29T01:00:00Z,2022-12-29,9.57
2022-12-29T02:00:00Z,2022-12-29,20
2022-12-29T03:00:00Z,2022-12-29,12.41
2022-12-29T04:00:00Z,2022-12-29,11.709999999999999
2022-12-29T05:00:00Z,2022-12-29,20.419999999999998
2022-12-29T06:00:00Z,2022-12-29,41
2022-12-29T07:00:00Z,2022-12-29,30.79
2022-12-29T08:00:00Z,2022-12-29,41.04
2022-12-29T09:00:00Z,2022-12-29,42.03
2022-12-29T10:00:00Z,2022-12-29,41.83
2022-12-29T11:00:00Z,2022-12-29,44.65
2022-12-29T12:00:00Z,2022-12-29,46.949999999999996
2022-12-29T13:00:00Z,2022-12-29,46.37
2022-12-29T14:00:00Z,2022-12-29,48.1
2022-12-29T15:00:00Z,2022-12-29,45.2
2022-12-29T16:00:00Z,2022-12-29,59.55
2022-12-29T17:00:00Z,2022-12-29,70.56
2022-12-29T18:00:00Z,2022-12-29,82.71000000000001
2022-12-29T19:00:00Z,2022-12-29,78.09
2022-12-29T20:00:00Z,2022-12-29,71.61
2022-12-29T21:00:00Z,2022-12-29,64.35
2022-12-29T22:00:00Z,2022-12-29,63.48
2022-12-29T23:00:00Z,2022-12-29,51.349999999999994
2022-12-30T00:00:00Z,2022-12-30,25.05
2022-12-30T01:00:00Z,2022-12-30,13.33
2022-12-30T02:00:00Z,2022-12-30,9.57
2022-12-30T03:00:00Z,2022-12-30,8.91
2022-12-30T04:00:00Z,2022-12-30,9.57
2022-12-30T05:00:00Z,2022-12-30,11.77
2022-12-30T06:00:00Z,2022-12-30,19.89
2022-12-30T07:00:00Z,2022-12-30,33.120000000000005
2022-12-30T08:00:00Z,2022-12-30,39.379999999999995
2022-12-30T09:00:00Z,2022-12-30,41.309999999999995
2022-12-30T10:00:00Z,2022-12-30,39.6
2022-12-30T11:00:00Z,2022-12-30,40.75
2022-12-30T12:00:00Z,2022-12-30,40.55
2022-12-30T13:00:00Z,2022-12-30,35.68
2022-12-30T14:00:00Z,2022-12-30,33.96
2022-12-30T15:00:00Z,2022-12-30,31.36
2022-12-30T16:00:00Z,2022-12-30,33.47
2022-12-30T17:00:00Z,2022-12-30,28.75
2022-12-30T18:00:00Z,2022-12-30,29.919999999999998
2022-12-30T19:00:00Z,2022-12-30,28.97
2022-12-30T20:00:00Z,2022-12-30,18.64
2022-12-30T21:00:00Z,2022-12-30,20.23
2022-12-30T22:00:00Z,2022-12-30,21.54
2022-12-30T23:00:00Z,2022-12-30,9.55
2022-12-31T00:00:00Z,2022-12-31,5.2
2022-12-31T01:00:00Z,2022-12-31,9.29
2022-12-31T02:00:00Z,2022-12-31,7.3
2022-12-31T03:00:00Z,2022-12-31,4.45
2022-12-31T04:00:00Z,2022-12-31,3.69
2022-12-31T05:00:00Z,2022-12-31,5.52
2022-12-31T06:00:00Z,2022-12-31,5.659999999999999
2022-12-31T07:00:00Z,2022-12-31,1.31
2022-12-31T08:00:00Z,2022-12-31,11.31
2022-12-31T09:00:00Z,2022-12-31,11.03
2022-12-31T10:00:00Z,2022-12-31,9.92
2022-12-31T11:00:00Z,2022-12-31,9.44
2022-12-31T12:00:00Z,2022-12-31,9.55
2022-12-31T13:00:00Z,2022-12-31,15.75
2022-12-31T14:00:00Z,2022-12-31,12.76
2022-12-31T15:00:00Z,2022-12-31,13.84
2022-12-31T16:00:00Z,2022-12-31,7.53
2022-12-31T17:00:00Z,2022-12-31,9.51
2022-12-31T18:00:00Z,2022-12-31,9.55
2022-12-31T19:00:00Z,2022-12-31,4.41
2022-12-31T20:00:00Z,2022-12-31,1.75
2022-12-31T21:00:00Z,2022-12-31,0.41000000000000003
2022-12-31T22:00:00Z,2022-12-31,0.07
2022-12-31T23:00:00Z,2022-12-31,4.96
2023-01-01T00:00:00Z,2023-01-01,0.03
2023-01-01T01:00:00Z,2023-01-01,-7.25
2023-01-01T02:00:00Z,2023-01-01,-3.9899999999999998
2023-01-01T03:00:00Z,2023-01-01,-7.71
2023-01-01T04:00:00Z,2023-01-01,-9.709999999999999
2023-01-01T05:00:00Z,2023-01-01,-15.15
2023-01-01T06:00:00Z,2023-01-01,-14.33
2023-01-01T07:00:00Z,2023-01-01,-0.6599999999999999
2023-01-01T08:00:00Z,2023-01-01,0.02
2023-01-01T09:00:00Z,2023-01-01,-1.23
2023-01-01T10:00:00Z,2023-01-01,-6.109999999999999
2023-01-01T11:00:00Z,2023-01-01,0.28
2023-01-01T12:00:00Z,2023-01-01,2.96
2023-01-01T13:00:00Z,2023-01-01,-0.7899999999999999
2023-01-01T14:00:00Z,2023-01-01,3.06
2023-01-01T15:00:00Z,2023-01-01,9.53
2023-01-01T16:00:00Z,2023-01-01,19.95
2023-01-01T17:00:00Z,2023-01-01,30.459999999999997
2023-01-01T18:00:00Z,2023-01-01,34.39
2023-01-01T19:00:00Z,2023-01-01,35.15
2023-01-01T20:00:00Z,2023-01-01,29.57
2023-01-01T21:00:00Z,2023-01-01,24.919999999999998
2023-01-01T22:00:00Z,2023-01-01,20.72
2023-01-01T23:00:00Z,2023-01-01,13.46
2023-01-02T00:00:00Z,2023-01-02,40.37
2023-01-02T01:00:00Z,2023-01-02,29.23
2023-01-02T02:00:00Z,2023-01-02,22.279999999999998
2023-01-02T03:00:00Z,2023-01-02,14.17
2023-01-02T04:00:00Z,2023-01-02,24.939999999999998
2023-01-02T05:00:00Z,2023-01-02,48.839999999999996
2023-01-02T06:00:00Z,2023-01-02,74.52
2023-01-02T07:00:00Z,2023-01-02,112.32
2023-01-02T08:00:00Z,2023-01-02,123.03
2023-01-02T09:00:00Z,2023-01-02,125.92
2023-01-02T10:00:00Z,2023-01-02,127.31
2023-01-02T11:00:00Z,2023-01-02,125.47
2023-01-02T12:00:00Z,2023-01-02,129.43
2023-01-02T13:00:00Z,2023-01-02,120.34
2023-01-02T14:00:00Z,2023-01-02,132.26999999999998
2023-01-02T15:00:00Z,2023-01-02,136.2
2023-01-02T16:00:00Z,2023-01-02,145.91
2023-01-02T17:00:00Z,2023-01-02,153.85000000000002
2023-01-02T18:00:00Z,2023-01-02,161.43
2023-01-02T19:00:00Z,2023-01-02,154.75
2023-01-02T20:00:00Z,2023-01-02,148.62
2023-01-02T21:00:00Z,2023-01-02,134.97
2023-01-02T22:00:00Z,2023-01-02,121.01
2023-01-02T23:00:00Z,2023-01-02,112.1
2023-01-03T00:00:00Z,2023-01-03,119.16999999999999
2023-01-03T01:00:00Z,2023-01-03,113.38
2023-01-03T02:00:00Z,2023-01-03,108.94000000000001
2023-01-03T03:00:00Z,2023-01-03,101.05
2023-01-03T04:00:00Z,2023-01-03,105.86
2023-01-03T05:00:00Z,2023-01-03,119.07
2023-01-03T06:00:00Z,2023-01-03,156.05
2023-01-03T07:00:00Z,2023-01-03,183.96
2023-01-03T08:00:00Z,2023-01-03,185.2
2023-01-03T09:00:00Z,2023-01-03,186.56
2023-01-03T10:00:00Z,2023-01-03,184.08
2023-01-03T11:00:00Z,2023-01-03,179.02
2023-01-03T12:00:00Z,2023-01-03,171.42000000000002
2023-01-03T13:00:00Z,2023-01-03,167.95000000000002
2023-01-03T14:00:00Z,2023-01-03,170.04
2023-01-03T15:00:00Z,2023-01-03,171.8
2023-01-03T16:00:00Z,2023-01-03,172.47
2023-01-03T17:00:00Z,2023-01-03,186.23999999999998
2023-01-03T18:00:00Z,2023-01-03,180.86
2023-01-03T19:00:00Z,2023-01-03,171.49
2023-01-03T20:00:00Z,2023-01-03,158.72
2023-01-03T21:00:00Z,2023-01-03,147.73999999999998
2023-01-03T22:00:00Z,2023-01-03,141.58
2023-01-03T23:00:00Z,2023-01-03,113.49000000000001
2023-01-04T00:00:00Z,2023-01-04,121.55
2023-01-04T01:00:00Z,2023-01-04,104.19
2023-01-04T02:00:00Z,2023-01-04,88.64999999999999
2023-01-04T03:00:00Z,2023-01-04,84.82
2023-01-04T04:00:00Z,2023-01-04,83.95
2023-01-04T05:00:00Z,2023-01-04,111.52
2023-01-04T06:00:00Z,2023-01-04,128.92000000000002
2023-01-04T07:00:00Z,2023-01-04,147.38000000000002
2023-01-04T08:00:00Z,2023-01-04,154.3
2023-01-04T09:00:00Z,2023-01-04,158.76
2023-01-04T10:00:00Z,2023-01-04,153.82000000000002
2023-01-04T11:00:00Z,2023-01-04,151.4
2023-01-04T12:00:00Z,2023-01-04,155.46
2023-01-04T13:00:00Z,2023-01-04,153.47
2023-01-04T14:00:00Z,2023-01-04,156.53
2023-01-04T15:00:00Z,2023-01-04,152.6
2023-01-04T16:00:00Z,2023-01-04,154.18
2023-01-04T17:00:00Z,2023-01-04,152.6
2023-01-04T18:00:00Z,2023-01-04,157.59
2023-01-04T19:00:00Z,2023-01-04,155
2023-01-04T20:00:00Z,2023-01-04,149.07
2023-01-04T21:00:00Z,2023-01-04,148.57
2023-01-04T22:00:00Z,2023-01-04,144.52
2023-01-04T23:00:00Z,2023-01-04,124.96000000000001
2023-01-05T00:00:00Z,2023-01-05,110.55
2023-01-05T01:00:00Z,2023-01-05,111.24000000000001
2023-01-05T02:00:00Z,2023-01-05,110.04
2023-01-05T03:00:00Z,2023-01-05,109.41000000000001
2023-01-05T04:00:00Z,2023-01-05,108.78
2023-01-05T05:00:00Z,2023-01-05,112.11
2023-01-05T06:00:00Z,2023-01-05,121.98
2023-01-05T07:00:00Z,2023-01-05,129.95000000000002
2023-01-05T08:00:00Z,2023-01-05,142.56
2023-01-05T09:00:00Z,2023-01-05,146.72
2023-01-05T10:00:00Z,2023-01-05,143.07
2023-01-05T11:00:00Z,2023-01-05,145.88000000000002
2023-01-05T12:00:00Z,2023-01-05,146.54
2023-01-05T13:00:00Z,2023-01-05,146.57
2023-01-05T14:00:00Z,2023-01-05,154.18
2023-01-05T15:00:00Z,2023-01-05,156.39000000000001
2023-01-05T16:00:00Z,2023-01-05,159.96
2023-01-05T17:00:00Z,2023-01-05,177.53
2023-01-05T18:00:00Z,2023-01-05,180.1
2023-01-05T19:00:00Z,2023-01-05,174.23999999999998
2023-01-05T20:00:00Z,2023-01-05,166.48000000000002
2023-01-05T21:00:00Z,2023-01-05,153.62
2023-01-05T22:00:00Z,2023-01-05,143.3
2023-01-05T23:00:00Z,2023-01-05,125.23
2023-01-06T00:00:00Z,2023-01-06,110.86
2023-01-06T01:00:00Z,2023-01-06,105.48
2023-01-06T02:00:00Z,2023-01-06,103.74000000000001
2023-01-06T03:00:00Z,2023-01-06,102.78
2023-01-06T04:00:00Z,2023-01-06,102.25
2023-01-06T05:00:00Z,2023-01-06,106.81
2023-01-06T06:00:00Z,2023-01-06,115.53
2023-01-06T07:00:00Z,2023-01-06,141.33
2023-01-06T08:00:00Z,2023-01-06,141.17
2023-01-06T09:00:00Z,2023-01-06,141.65
2023-01-06T10:00:00Z,2023-01-06,140.49
2023-01-06T11:00:00Z,2023-01-06,142.56
2023-01-06T12:00:00Z,2023-01-06,135.31
2023-01-06T13:00:00Z,2023-01-06,119.88
2023-01-06T14:00:00Z,2023-01-06,126.22
2023-01-06T15:00:00Z,2023-01-06,137.55
2023-01-06T16:00:00Z,2023-01-06,147.99
2023-01-06T17:00:00Z,2023-01-06,154.93
2023-01-06T18:00:00Z,2023-01-06,163.22
2023-01-06T19:00:00Z,2023-01-06,159.89000000000001
2023-01-06T20:00:00Z,2023-01-06,150.62
2023-01-06T21:00:00Z,2023-01-06,140.75
2023-01-06T22:00:00Z,2023-01-06,139.19
2023-01-06T23:00:00Z,2023-01-06,126.7
2023-01-07T00:00:00Z,2023-01-07,142.68
2023-01-07T01:00:00Z,2023-01-07,126.98
2023-01-07T02:00:00Z,2023-01-07,121.05
2023-01-07T03:00:00Z,2023-01-07,119.9
2023-01-07T04:00:00Z,2023-01-07,114.69
2023-01-07T05:00:00Z,2023-01-07,128.23
2023-01-07T06:00:00Z,2023-01-07,132.99
2023-01-07T07:00:00Z,2023-01-07,150.10999999999999
2023-01-07T08:00:00Z,2023-01-07,152.26
2023-01-07T09:00:00Z,2023-01-07,140.89000000000001
2023-01-07T10:00:00Z,2023-01-07,151.29
2023-01-07T11:00:00Z,2023-01-07,151.09
2023-01-07T12:00:00Z,2023-01-07,157.01
2023-01-07T13:00:00Z,2023-01-07,155.08
2023-01-07T14:00:00Z,2023-01-07,159.93
2023-01-07T15:00:00Z,2023-01-07,155.08
2023-01-07T16:00:00Z,2023-01-07,160
2023-01-07T17:00:00Z,2023-01-07,163.18
2023-01-07T18:00:00Z,2023-01-07,164.42000000000002
2023-01-07T19:00:00Z,2023-01-07,164.23
2023-01-07T20:00:00Z,2023-01-07,159.13
2023-01-07T21:00:00Z,2023-01-07,154.29
2023-01-07T22:00:00Z,2023-01-07,156.36
2023-01-07T23:00:00Z,2023-01-07,151.06
2023-01-08T00:00:00Z,2023-01-08,141.59
2023-01-08T01:00:00Z,2023-01-08,127.4
2023-01-08T02:00:00Z,2023-01-08,113.94000000000001
2023-01-08T03:00:00Z,2023-01-08,114.05
2023-01-08T04:00:00Z,2023-01-08,110
2023-01-08T05:00:00Z,2023-01-08,113.74000000000001
2023-01-08T06:00:00Z,2023-01-08,118.61999999999999
2023-01-08T07:00:00Z,2023-01-08,125.45
2023-01-08T08:00:00Z,2023-01-08,125.49000000000001
2023-01-08T09:00:00Z,2023-01-08,143.95000000000002
2023-01-08T10:00:00Z,2023-01-08,142.5
2023-01-08T11:00:00Z,2023-01-08,141.96
2023-01-08T12:00:00Z,2023-01-08,141.14
2023-01-08T13:00:00Z,2023-01-08,127.44000000000001
2023-01-08T14:00:00Z,2023-01-08,126.61999999999999
2023-01-08T15:00:00Z,2023-01-08,133.98000000000002
2023-01-08T16:00:00Z,2023-01-08,146.08
2023-01-08T17:00:00Z,2023-01-08,158.2
2023-01-08T18:00:00Z,2023-01-08,156
2023-01-08T19:00:00Z,2023-01-08,155.2
2023-01-08T20:00:00Z,2023-01-08,141.33
2023-01-08T21:00:00Z,2023-01-08,143.66
2023-01-08T22:00:00Z,2023-01-08,131.8
2023-01-08T23:00:00Z,2023-01-08,113.3
2023-01-09T00:00:00Z,2023-01-09,96.03
2023-01-09T01:00:00Z,2023-01-09,77.52
2023-01-09T02:00:00Z,2023-01-09,55.08
2023-01-09T03:00:00Z,2023-01-09,45.51
2023-01-09T04:00:00Z,2023-01-09,57.28
2023-01-09T05:00:00Z,2023-01-09,118.47
2023-01-09T06:00:00Z,2023-01-09,136.67
2023-01-09T07:00:00Z,2023-01-09,162.31
2023-01-09T08:00:00Z,2023-01-09,175.08
2023-01-09T09:00:00Z,2023-01-09,172.54
2023-01-09T10:00:00Z,2023-01-09,166.07
2023-01-09T11:00:00Z,2023-01-09,172.17
2023-01-09T12:00:00Z,2023-01-09,163.42000000000002
2023-01-09T13:00:00Z,2023-01-09,162.35000000000002
2023-01-09T14:00:00Z,2023-01-09,162.5
2023-01-09T15:00:00Z,2023-01-09,177.52
2023-01-09T16:00:00Z,2023-01-09,179.82000000000002
2023-01-09T17:00:00Z,2023-01-09,182.09
2023-01-09T18:00:00Z,2023-01-09,182.72
2023-01-09T19:00:00Z,2023-01-09,179.93
2023-01-09T20:00:00Z,2023-01-09,167.34
2023-01-09T21:00:00Z,2023-01-09,145.94
2023-01-09T22:00:00Z,2023-01-09,144.32000000000002
2023-01-09T23:00:00Z,2023-01-09,139.58
2023-01-10T00:00:00Z,2023-01-10,143.22
2023-01-10T01:00:00Z,2023-01-10,134.37
2023-01-10T02:00:00Z,2023-01-10,128
2023-01-10T03:00:00Z,2023-01-10,126.3
2023-01-10T04:00:00Z,2023-01-10,126.69
2023-01-10T05:00:00Z,2023-01-10,139.66
2023-01-10T06:00:00Z,2023-01-10,147.26999999999998
2023-01-10T07:00:00Z,2023-01-10,180.15
2023-01-10T08:00:00Z,2023-01-10,185.33
2023-01-10T09:00:00Z,2023-01-10,185.3
2023-01-10T10:00:00Z,2023-01-10,178.60999999999999
2023-01-10T11:00:00Z,2023-01-10,168.76
2023-01-10T12:00:00Z,2023-01-10,168.70999999999998
2023-01-10T13:00:00Z,2023-01-10,168
2023-01-10T14:00:00Z,2023-01-10,174.02
2023-01-10T15:00:00Z,2023-01-10,164.34
2023-01-10T16:00:00Z,2023-01-10,164.92000000000002
2023-01-10T17:00:00Z,2023-01-10,179.91
2023-01-10T18:00:00Z,2023-01-10,182.6
2023-01-10T19:00:00Z,2023-01-10,181.98000000000002
2023-01-10T20:00:00Z,2023-01-10,184.70999999999998
2023-01-10T21:00:00Z,2023-01-10,172.44
2023-01-10T22:00:00Z,2023-01-10,160.97
2023-01-10T23:00:00Z,2023-01-10,154.09
2023-01-11T00:00:00Z,2023-01-11,152.29
2023-01-11T01:00:00Z,2023-01-11,139.36
2023-01-11T02:00:00Z,2023-01-11,135.09
2023-01-11T03:00:00Z,2023-01-11,131.38000000000002
2023-01-11T04:00:00Z,2023-01-11,137.09
2023-01-11T05:00:00Z,2023-01-11,154.93
2023-01-11T06:00:00Z,2023-01-11,184.16
2023-01-11T07:00:00Z,2023-01-11,190.28
2023-01-11T08:00:00Z,2023-01-11,180.1
2023-01-11T09:00:00Z,2023-01-11,180.04
2023-01-11T10:00:00Z,2023-01-11,183.07
2023-01-11T11:00:00Z,2023-01-11,188.7
2023-01-11T12:00:00Z,2023-01-11,180.56
2023-01-11T13:00:00Z,2023-01-11,185.87
2023-01-11T14:00:00Z,2023-01-11,189.97
2023-01-11T15:00:00Z,2023-01-11,184.60999999999999
2023-01-11T16:00:00Z,2023-01-11,185.89000000000001
2023-01-11T17:00:00Z,2023-01-11,188.56
2023-01-11T18:00:00Z,2023-01-11,190.31
2023-01-11T19:00:00Z,2023-01-11,188.84
2023-01-11T20:00:00Z,2023-01-11,190.14
2023-01-11T21:00:00Z,2023-01-11,189.57
2023-01-11T22:00:00Z,2023-01-11,187.89000000000001
2023-01-11T23:00:00Z,2023-01-11,172.65
2023-01-12T00:00:00Z,2023-01-12,157.37
2023-01-12T01:00:00Z,2023-01-12,147.67
2023-01-12T02:00:00Z,2023-01-12,141.23999999999998
2023-01-12T03:00:00Z,2023-01-12,135.55
2023-01-12T04:00:00Z,2023-01-12,137.15
2023-01-12T05:00:00Z,2023-01-12,143.07
2023-01-12T06:00:00Z,2023-01-12,184.95000000000002
2023-01-12T07:00:00Z,2023-01-12,185.55
2023-01-12T08:00:00Z,2023-01-12,185.15
2023-01-12T09:00:00Z,2023-01-12,185.05
2023-01-12T10:00:00Z,2023-01-12,184.91
2023-01-12T11:00:00Z,2023-01-12,179.66
2023-01-12T12:00:00Z,2023-01-12,179.09
2023-01-12T13:00:00Z,2023-01-12,178.03
2023-01-12T14:00:00Z,2023-01-12,179.89000000000001
2023-01-12T15:00:00Z,2023-01-12,184.08
2023-01-12T16:00:00Z,2023-01-12,185.04
2023-01-12T17:00:00Z,2023-01-12,185.13
2023-01-12T18:00:00Z,2023-01-12,185.48000000000002
2023-01-12T19:00:00Z,2023-01-12,185.26999999999998
2023-01-12T20:00:00Z,2023-01-12,185.13
2023-01-12T21:00:00Z,2023-01-12,184.97
2023-01-12T22:00:00Z,2023-01-12,180.28
2023-01-12T23:00:00Z,2023-01-12,174.97
2023-01-13T00:00:00Z,2023-01-13,158.73999999999998
2023-01-13T01:00:00Z,2023-01-13,152.51
2023-01-13T02:00:00Z,2023-01-13,136.76
2023-01-13T03:00:00Z,2023-01-13,134.92000000000002
2023-01-13T04:00:00Z,2023-01-13,135.32000000000002
2023-01-13T05:00:00Z,2023-01-13,153.70999999999998
2023-01-13T06:00:00Z,2023-01-13,179.33
2023-01-13T07:00:00Z,2023-01-13,184.53
2023-01-13T08:00:00Z,2023-01-13,183.43
2023-01-13T09:00:00Z,2023-01-13,184.41
2023-01-13T10:00:00Z,2023-01-13,185.1
2023-01-13T11:00:00Z,2023-01-13,182.45000000000002
2023-01-13T12:00:00Z,2023-01-13,182
2023-01-13T13:00:00Z,2023-01-13,176.86
2023-01-13T14:00:00Z,2023-01-13,176.84
2023-01-13T15:00:00Z,2023-01-13,173.47
2023-01-13T16:00:00Z,2023-01-13,182
2023-01-13T17:00:00Z,2023-01-13,184.55
2023-01-13T18:00:00Z,2023-01-13,182.37
2023-01-13T19:00:00Z,2023-01-13,181.51
2023-01-13T20:00:00Z,2023-01-13,178.94
2023-01-13T21:00:00Z,2023-01-13,158.89000000000001
2023-01-13T22:00:00Z,2023-01-13,156.95000000000002
2023-01-13T23:00:00Z,2023-01-13,155.69
2023-01-14T00:00:00Z,2023-01-14,158
2023-01-14T01:00:00Z,2023-01-14,155.84
2023-01-14T02:00:00Z,2023-01-14,153.72
2023-01-14T03:00:00Z,2023-01-14,151.49
2023-01-14T04:00:00Z,2023-01-14,150.07
2023-01-14T05:00:00Z,2023-01-14,154.56
2023-01-14T06:00:00Z,2023-01-14,157.8
2023-01-14T07:00:00Z,2023-01-14,155.73999999999998
2023-01-14T08:00:00Z,2023-01-14,161.07
2023-01-14T09:00:00Z,2023-01-14,162.25
2023-01-14T10:00:00Z,2023-01-14,161.1
2023-01-14T11:00:00Z,2023-01-14,161.13
2023-01-14T12:00:00Z,2023-01-14,155.89000000000001
2023-01-14T13:00:00Z,2023-01-14,153.95000000000002
2023-01-14T14:00:00Z,2023-01-14,155.89000000000001
2023-01-14T15:00:00Z,2023-01-14,163.83
2023-01-14T16:00:00Z,2023-01-14,170.25
2023-01-14T17:00:00Z,2023-01-14,170.53
2023-01-14T18:00:00Z,2023-01-14,182.36
2023-01-14T19:00:00Z,2023-01-14,179.89000000000001
2023-01-14T20:00:00Z,2023-01-14,179.05
2023-01-14T21:00:00Z,2023-01-14,161.01
2023-01-14T22:00:00Z,2023-01-14,161.02
2023-01-14T23:00:00Z,2023-01-14,153.31
2023-01-15T00:00:00Z,2023-01-15,154.98000000000002
2023-01-15T01:00:00Z,2023-01-15,148.75
2023-01-15T02:00:00Z,2023-01-15,141.01
2023-01-15T03:00:00Z,2023-01-15,139.60999999999999
2023-01-15T04:00:00Z,2023-01-15,140.25
2023-01-15T05:00:00Z,2023-01-15,135.01
2023-01-15T06:00:00Z,2023-01-15,144.76999999999998
2023-01-15T07:00:00Z,2023-01-15,154.65
2023-01-15T08:00:00Z,2023-01-15,155.82000000000002
2023-01-15T09:00:00Z,2023-01-15,164.6
2023-01-15T10:00:00Z,2023-01-15,157.76999999999998
2023-01-15T11:00:00Z,2023-01-15,151.03
2023-01-15T12:00:00Z,2023-01-15,150.14
2023-01-15T13:00:00Z,2023-01-15,143.91
2023-01-15T14:00:00Z,2023-01-15,147.49
2023-01-15T15:00:00Z,2023-01-15,156.16
2023-01-15T16:00:00Z,2023-01-15,164
2023-01-15T17:00:00Z,2023-01-15,180.55
2023-01-15T18:00:00Z,2023-01-15,182.08
2023-01-15T19:00:00Z,2023-01-15,182.34
2023-01-15T20:00:00Z,2023-01-15,180.76
2023-01-15T21:00:00Z,2023-01-15,171.39000000000001
2023-01-15T22:00:00Z,2023-01-15,164.62
2023-01-15T23:00:00Z,2023-01-15,150.16
2023-01-16T00:00:00Z,2023-01-16,78.34
2023-01-16T01:00:00Z,2023-01-16,83.01
2023-01-16T02:00:00Z,2023-01-16,83.82
2023-01-16T03:00:00Z,2023-01-16,77.69
2023-01-16T04:00:00Z,2023-01-16,83.81
2023-01-16T05:00:00Z,2023-01-16,130.29
2023-01-16T06:00:00Z,2023-01-16,153.97
2023-01-16T07:00:00Z,2023-01-16,174.26999999999998
2023-01-16T08:00:00Z,2023-01-16,187.13
2023-01-16T09:00:00Z,2023-01-16,185.33
2023-01-16T10:00:00Z,2023-01-16,181.88000000000002
2023-01-16T11:00:00Z,2023-01-16,177.41
2023-01-16T12:00:00Z,2023-01-16,172.65
2023-01-16T13:00:00Z,2023-01-16,172.94
2023-01-16T14:00:00Z,2023-01-16,172.52
2023-01-16T15:00:00Z,2023-01-16,178.92000000000002
2023-01-16T16:00:00Z,2023-01-16,181.63
2023-01-16T17:00:00Z,2023-01-16,187.98000000000002
2023-01-16T18:00:00Z,2023-01-16,187.96
2023-01-16T19:00:00Z,2023-01-16,185.34
2023-01-16T20:00:00Z,2023-01-16,176.62
2023-01-16T21:00:00Z,2023-01-16,161.9
2023-01-16T22:00:00Z,2023-01-16,155.7
2023-01-16T23:00:00Z,2023-01-16,151.56
2023-01-17T00:00:00Z,2023-01-17,152.38000000000002
2023-01-17T01:00:00Z,2023-01-17,146.56
2023-01-17T02:00:00Z,2023-01-17,142.70999999999998
2023-01-17T03:00:00Z,2023-01-17,135.3
2023-01-17T04:00:00Z,2023-01-17,135.05
2023-01-17T05:00:00Z,2023-01-17,151.37
2023-01-17T06:00:00Z,2023-01-17,159.78
2023-01-17T07:00:00Z,2023-01-17,194.28
2023-01-17T08:00:00Z,2023-01-17,204.29
2023-01-17T09:00:00Z,2023-01-17,203.73999999999998
2023-01-17T10:00:00Z,2023-01-17,201.81
2023-01-17T11:00:00Z,2023-01-17,200.94
2023-01-17T12:00:00Z,2023-01-17,187.03
2023-01-17T13:00:00Z,2023-01-17,182.9
2023-01-17T14:00:00Z,2023-01-17,180.57
2023-01-17T15:00:00Z,2023-01-17,183.25
2023-01-17T16:00:00Z,2023-01-17,186.31
2023-01-17T17:00:00Z,2023-01-17,198.39000000000001
2023-01-17T18:00:00Z,2023-01-17,198.98000000000002
2023-01-17T19:00:00Z,2023-01-17,193.93
2023-01-17T20:00:00Z,2023-01-17,184.36
2023-01-17T21:00:00Z,2023-01-17,167.10999999999999
2023-01-17T22:00:00Z,2023-01-17,155.64
2023-01-17T23:00:00Z,2023-01-17,147.66
2023-01-18T00:00:00Z,2023-01-18,148.31
2023-01-18T01:00:00Z,2023-01-18,138.93
2023-01-18T02:00:00Z,2023-01-18,135.98000000000002
2023-01-18T03:00:00Z,2023-01-18,129.5
2023-01-18T04:00:00Z,2023-01-18,133.13
2023-01-18T05:00:00Z,2023-01-18,147.41
2023-01-18T06:00:00Z,2023-01-18,171.70999999999998
2023-01-18T07:00:00Z,2023-01-18,195.92000000000002
2023-01-18T08:00:00Z,2023-01-18,203.18
2023-01-18T09:00:00Z,2023-01-18,196.18
2023-01-18T10:00:00Z,2023-01-18,190.09
2023-01-18T11:00:00Z,2023-01-18,181.68
2023-01-18T12:00:00Z,2023-01-18,169.94
2023-01-18T13:00:00Z,2023-01-18,159.26
2023-01-18T14:00:00Z,2023-01-18,165.52
2023-01-18T15:00:00Z,2023-01-18,169.93
2023-01-18T16:00:00Z,2023-01-18,177.23
2023-01-18T17:00:00Z,2023-01-18,188.97
2023-01-18T18:00:00Z,2023-01-18,195.05
2023-01-18T19:00:00Z,2023-01-18,193.9
2023-01-18T20:00:00Z,2023-01-18,177.08
2023-01-18T21:00:00Z,2023-01-18,161.03
2023-01-18T22:00:00Z,2023-01-18,159.13
2023-01-18T23:00:00Z,2023-01-18,151.08
2023-01-19T00:00:00Z,2023-01-19,147.2
2023-01-19T01:00:00Z,2023-01-19,145.31
2023-01-19T02:00:00Z,2023-01-19,142.93
2023-01-19T03:00:00Z,2023-01-19,140.18
2023-01-19T04:00:00Z,2023-01-19,139.12
2023-01-19T05:00:00Z,2023-01-19,146.57
2023-01-19T06:00:00Z,2023-01-19,169.43
2023-01-19T07:00:00Z,2023-01-19,185.55
2023-01-19T08:00:00Z,2023-01-19,190
2023-01-19T09:00:00Z,2023-01-19,189.15
2023-01-19T10:00:00Z,2023-01-19,190.57
2023-01-19T11:00:00Z,2023-01-19,187.28
2023-01-19T12:00:00Z,2023-01-19,179.83
2023-01-19T13:00:00Z,2023-01-19,173.02
2023-01-19T14:00:00Z,2023-01-19,174.31
2023-01-19T15:00:00Z,2023-01-19,176.93
2023-01-19T16:00:00Z,2023-01-19,180.96
2023-01-19T17:00:00Z,2023-01-19,187.2
2023-01-19T18:00:00Z,2023-01-19,188.95000000000002
2023-01-19T19:00:00Z,2023-01-19,187.26999999999998
2023-01-19T20:00:00Z,2023-01-19,183.73999999999998
2023-01-19T21:00:00Z,2023-01-19,170.88000000000002
2023-01-19T22:00:00Z,2023-01-19,164.12
2023-01-19T23:00:00Z,2023-01-19,156.1
2023-01-20T00:00:00Z,2023-01-20,159.09
2023-01-20T01:00:00Z,2023-01-20,157.04
2023-01-20T02:00:00Z,2023-01-20,152.9
2023-01-20T03:00:00Z,2023-01-20,151.88000000000002
2023-01-20T04:00:00Z,2023-01-20,150.85000000000002
2023-01-20T05:00:00Z,2023-01-20,156.43
2023-01-20T06:00:00Z,2023-01-20,181.55
2023-01-20T07:00:00Z,2023-01-20,206.26999999999998
2023-01-20T08:00:00Z,2023-01-20,228.85000000000002
2023-01-20T09:00:00Z,2023-01-20,225.3
2023-01-20T10:00:00Z,2023-01-20,211.25
2023-01-20T11:00:00Z,2023-01-20,199.28
2023-01-20T12:00:00Z,2023-01-20,193.20999999999998
2023-01-20T13:00:00Z,2023-01-20,190.20999999999998
2023-01-20T14:00:00Z,2023-01-20,189.9
2023-01-20T15:00:00Z,2023-01-20,192.89000000000001
2023-01-20T16:00:00Z,2023-01-20,197.68
2023-01-20T17:00:00Z,2023-01-20,213.67
2023-01-20T18:00:00Z,2023-01-20,215.47
2023-01-20T19:00:00Z,2023-01-20,207.76
2023-01-20T20:00:00Z,2023-01-20,190.03
2023-01-20T21:00:00Z,2023-01-20,176.45000000000002
2023-01-20T22:00:00Z,2023-01-20,175.02
2023-01-20T23:00:00Z,2023-01-20,160.68
2023-01-21T00:00:00Z,2023-01-21,157.76999999999998
2023-01-21T01:00:00Z,2023-01-21,155.06
2023-01-21T02:00:00Z,2023-01-21,149.46
2023-01-21T03:00:00Z,2023-01-21,144.65
2023-01-21T04:00:00Z,2023-01-21,142.94
2023-01-21T05:00:00Z,2023-01-21,141.60999999999999
2023-01-21T06:00:00Z,2023-01-21,148.8
2023-01-21T07:00:00Z,2023-01-21,156.96
2023-01-21T08:00:00Z,2023-01-21,168.59
2023-01-21T09:00:00Z,2023-01-21,174.79
2023-01-21T10:00:00Z,2023-01-21,170.73
2023-01-21T11:00:00Z,2023-01-21,164.09
2023-01-21T12:00:00Z,2023-01-21,156.07
2023-01-21T13:00:00Z,2023-01-21,146.54
2023-01-21T14:00:00Z,2023-01-21,149.98000000000002
2023-01-21T15:00:00Z,2023-01-21,152.60999999999999
2023-01-21T16:00:00Z,2023-01-21,158.6
2023-01-21T17:00:00Z,2023-01-21,176.5
2023-01-21T18:00:00Z,2023-01-21,183.82000000000002
2023-01-21T19:00:00Z,2023-01-21,184.84
2023-01-21T20:00:00Z,2023-01-21,175.44
2023-01-21T21:00:00Z,2023-01-21,163.26999999999998
2023-01-21T22:00:00Z,2023-01-21,158.48000000000002
2023-01-21T23:00:00Z,2023-01-21,156.23
2023-01-22T00:00:00Z,2023-01-22,168.98000000000002
2023-01-22T01:00:00Z,2023-01-22,167.65
2023-01-22T02:00:00Z,2023-01-22,163.94
2023-01-22T03:00:00Z,2023-01-22,154.52
2023-01-22T04:00:00Z,2023-01-22,152.15
2023-01-22T05:00:00Z,2023-01-22,151.44
2023-01-22T06:00:00Z,2023-01-22,162.93
2023-01-22T07:00:00Z,2023-01-22,168.97
2023-01-22T08:00:00Z,2023-01-22,169.95000000000002
2023-01-22T09:00:00Z,2023-01-22,173.65
2023-01-22T10:00:00Z,2023-01-22,173.47
2023-01-22T11:00:00Z,2023-01-22,172.69
2023-01-22T12:00:00Z,2023-01-22,168.97
2023-01-22T13:00:00Z,2023-01-22,165.44
2023-01-22T14:00:00Z,2023-01-22,165.73
2023-01-22T15:00:00Z,2023-01-22,167.97
2023-01-22T16:00:00Z,2023-01-22,175.1
2023-01-22T17:00:00Z,2023-01-22,190.46
2023-01-22T18:00:00Z,2023-01-22,199.09
2023-01-22T19:00:00Z,2023-01-22,199.84
2023-01-22T20:00:00Z,2023-01-22,195.9
2023-01-22T21:00:00Z,2023-01-22,190.57
2023-01-22T22:00:00Z,2023-01-22,186.13
2023-01-22T23:00:00Z,2023-01-22,176.54
2023-01-23T00:00:00Z,2023-01-23,168.63
2023-01-23T01:00:00Z,2023-01-23,166.76
2023-01-23T02:00:00Z,2023-01-23,165.62
2023-01-23T03:00:00Z,2023-01-23,159.53
2023-01-23T04:00:00Z,2023-01-23,159.15
2023-01-23T05:00:00Z,2023-01-23,166.70999999999998
2023-01-23T06:00:00Z,2023-01-23,190.32000000000002
2023-01-23T07:00:00Z,2023-01-23,224.89000000000001
2023-01-23T08:00:00Z,2023-01-23,250.34
2023-01-23T09:00:00Z,2023-01-23,249.3
2023-01-23T10:00:00Z,2023-01-23,239.60999999999999
2023-01-23T11:00:00Z,2023-01-23,236.23999999999998
2023-01-23T12:00:00Z,2023-01-23,221.86
2023-01-23T13:00:00Z,2023-01-23,215.49
2023-01-23T14:00:00Z,2023-01-23,219.07
2023-01-23T15:00:00Z,2023-01-23,224.17
2023-01-23T16:00:00Z,2023-01-23,225.8
2023-01-23T17:00:00Z,2023-01-23,244.82000000000002
2023-01-23T18:00:00Z,2023-01-23,252.26
2023-01-23T19:00:00Z,2023-01-23,241.55
2023-01-23T20:00:00Z,2023-01-23,216.62
2023-01-23T21:00:00Z,2023-01-23,198.46
2023-01-23T22:00:00Z,2023-01-23,197.78
2023-01-23T23:00:00Z,2023-01-23,178.87
2023-01-24T00:00:00Z,2023-01-24,169.03
2023-01-24T01:00:00Z,2023-01-24,166.15
2023-01-24T02:00:00Z,2023-01-24,166.97
2023-01-24T03:00:00Z,2023-01-24,165.51
2023-01-24T04:00:00Z,2023-01-24,165.63
2023-01-24T05:00:00Z,2023-01-24,168
2023-01-24T06:00:00Z,2023-01-24,192.02
2023-01-24T07:00:00Z,2023-01-24,226.02
2023-01-24T08:00:00Z,2023-01-24,248.70999999999998
2023-01-24T09:00:00Z,2023-01-24,251.92000000000002
2023-01-24T10:00:00Z,2023-01-24,238.57
2023-01-24T11:00:00Z,2023-01-24,221.09
2023-01-24T12:00:00Z,2023-01-24,211.99
2023-01-24T13:00:00Z,2023-01-24,210.03
2023-01-24T14:00:00Z,2023-01-24,208.45000000000002
2023-01-24T15:00:00Z,2023-01-24,211.63
2023-01-24T16:00:00Z,2023-01-24,218.18
2023-01-24T17:00:00Z,2023-01-24,241.94
2023-01-24T18:00:00Z,2023-01-24,245.20999999999998
2023-01-24T19:00:00Z,2023-01-24,230.66
2023-01-24T20:00:00Z,2023-01-24,213.47
2023-01-24T21:00:00Z,2023-01-24,189.96
2023-01-24T22:00:00Z,2023-01-24,186.17
2023-01-24T23:00:00Z,2023-01-24,176.08
2023-01-25T00:00:00Z,2023-01-25,159.09
2023-01-25T01:00:00Z,2023-01-25,155.07
2023-01-25T02:00:00Z,2023-01-25,152.04
2023-01-25T03:00:00Z,2023-01-25,150.86
2023-01-25T04:00:00Z,2023-01-25,152
2023-01-25T05:00:00Z,2023-01-25,160.63
2023-01-25T06:00:00Z,2023-01-25,176.98000000000002
2023-01-25T07:00:00Z,2023-01-25,201.92000000000002
2023-01-25T08:00:00Z,2023-01-25,228.06
2023-01-25T09:00:00Z,2023-01-25,228.4
2023-01-25T10:00:00Z,2023-01-25,214.67
2023-01-25T11:00:00Z,2023-01-25,202.96
2023-01-25T12:00:00Z,2023-01-25,195.7
2023-01-25T13:00:00Z,2023-01-25,190.99
2023-01-25T14:00:00Z,2023-01-25,190.64
2023-01-25T15:00:00Z,2023-01-25,190.89000000000001
2023-01-25T16:00:00Z,2023-01-25,194.95000000000002
2023-01-25T17:00:00Z,2023-01-25,206.42000000000002
2023-01-25T18:00:00Z,2023-01-25,206.72
2023-01-25T19:00:00Z,2023-01-25,198.67
2023-01-25T20:00:00Z,2023-01-25,185.9
2023-01-25T21:00:00Z,2023-01-25,173.44
2023-01-25T22:00:00Z,2023-01-25,169.57
2023-01-25T23:00:00Z,2023-01-25,168.03
2023-01-26T00:00:00Z,2023-01-26,157.04
2023-01-26T01:00:00Z,2023-01-26,154.64
2023-01-26T02:00:00Z,2023-01-26,152.01
2023-01-26T03:00:00Z,2023-01-26,154.73999999999998
2023-01-26T04:00:00Z,2023-01-26,152.06
2023-01-26T05:00:00Z,2023-01-26,154.33
2023-01-26T06:00:00Z,2023-01-26,163.56
2023-01-26T07:00:00Z,2023-01-26,187.1
2023-01-26T08:00:00Z,2023-01-26,206.14
2023-01-26T09:00:00Z,2023-01-26,206.64
2023-01-26T10:00:00Z,2023-01-26,198.86
2023-01-26T11:00:00Z,2023-01-26,193.98000000000002
2023-01-26T12:00:00Z,2023-01-26,182.43
2023-01-26T13:00:00Z,2023-01-26,179.13
2023-01-26T14:00:00Z,2023-01-26,179.15
2023-01-26T15:00:00Z,2023-01-26,179.56
2023-01-26T16:00:00Z,2023-01-26,182
2023-01-26T17:00:00Z,2023-01-26,187.41
2023-01-26T18:00:00Z,2023-01-26,194.17
2023-01-26T19:00:00Z,2023-01-26,185.15
2023-01-26T20:00:00Z,2023-01-26,177.32000000000002
2023-01-26T21:00:00Z,2023-01-26,164.51
2023-01-26T22:00:00Z,2023-01-26,163.47
2023-01-26T23:00:00Z,2023-01-26,159.99
2023-01-27T00:00:00Z,2023-01-27,156.02
2023-01-27T01:00:00Z,2023-01-27,154.96
2023-01-27T02:00:00Z,2023-01-27,154.14
2023-01-27T03:00:00Z,2023-01-27,151.65
2023-01-27T04:00:00Z,2023-01-27,148.60999999999999
2023-01-27T05:00:00Z,2023-01-27,154.42000000000002
2023-01-27T06:00:00Z,2023-01-27,159.42000000000002
2023-01-27T07:00:00Z,2023-01-27,178.38000000000002
2023-01-27T08:00:00Z,2023-01-27,195.59
2023-01-27T09:00:00Z,2023-01-27,199.76999999999998
2023-01-27T10:00:00Z,2023-01-27,195.68
2023-01-27T11:00:00Z,2023-01-27,194.73999999999998
2023-01-27T12:00:00Z,2023-01-27,189.98000000000002
2023-01-27T13:00:00Z,2023-01-27,181.91
2023-01-27T14:00:00Z,2023-01-27,180.99
2023-01-27T15:00:00Z,2023-01-27,183.62
2023-01-27T16:00:00Z,2023-01-27,186.91
2023-01-27T17:00:00Z,2023-01-27,194.99
2023-01-27T18:00:00Z,2023-01-27,200.16
2023-01-27T19:00:00Z,2023-01-27,197.6
2023-01-27T20:00:00Z,2023-01-27,182.83
2023-01-27T21:00:00Z,2023-01-27,169.04
2023-01-27T22:00:00Z,2023-01-27,164.73999999999998
2023-01-27T23:00:00Z,2023-01-27,156.95000000000002
2023-01-28T00:00:00Z,2023-01-28,150.47
2023-01-28T01:00:00Z,2023-01-28,148.48000000000002
2023-01-28T02:00:00Z,2023-01-28,143.1
2023-01-28T03:00:00Z,2023-01-28,138.52
2023-01-28T04:00:00Z,2023-01-28,136.53
2023-01-28T05:00:00Z,2023-01-28,137.57
2023-01-28T06:00:00Z,2023-01-28,149.15
2023-01-28T07:00:00Z,2023-01-28,154.63
2023-01-28T08:00:00Z,2023-01-28,162
2023-01-28T09:00:00Z,2023-01-28,171.96
2023-01-28T10:00:00Z,2023-01-28,168.53
2023-01-28T11:00:00Z,2023-01-28,163.22
2023-01-28T12:00:00Z,2023-01-28,155.58
2023-01-28T13:00:00Z,2023-01-28,151.66
2023-01-28T14:00:00Z,2023-01-28,150.14
2023-01-28T15:00:00Z,2023-01-28,152.29
2023-01-28T16:00:00Z,2023-01-28,157.01
2023-01-28T17:00:00Z,2023-01-28,173.96
2023-01-28T18:00:00Z,2023-01-28,178.51
2023-01-28T19:00:00Z,2023-01-28,180.03
2023-01-28T20:00:00Z,2023-01-28,172.06
2023-01-28T21:00:00Z,2023-01-28,156.48000000000002
2023-01-28T22:00:00Z,2023-01-28,155.39000000000001
2023-01-28T23:00:00Z,2023-01-28,152.66
2023-01-29T00:00:00Z,2023-01-29,150.26
2023-01-29T01:00:00Z,2023-01-29,145.37
2023-01-29T02:00:00Z,2023-01-29,144.52
2023-01-29T03:00:00Z,2023-01-29,141.02
2023-01-29T04:00:00Z,2023-01-29,138.23
2023-01-29T05:00:00Z,2023-01-29,142.75
2023-01-29T06:00:00Z,2023-01-29,145.33
2023-01-29T07:00:00Z,2023-01-29,147.64
2023-01-29T08:00:00Z,2023-01-29,149.89000000000001
2023-01-29T09:00:00Z,2023-01-29,156.53
2023-01-29T10:00:00Z,2023-01-29,154.37
2023-01-29T11:00:00Z,2023-01-29,151.47
2023-01-29T12:00:00Z,2023-01-29,148.17
2023-01-29T13:00:00Z,2023-01-29,138.5
2023-01-29T14:00:00Z,2023-01-29,146.64
2023-01-29T15:00:00Z,2023-01-29,152
2023-01-29T16:00:00Z,2023-01-29,156.57
2023-01-29T17:00:00Z,2023-01-29,158.69
2023-01-29T18:00:00Z,2023-01-29,167.70999999999998
2023-01-29T19:00:00Z,2023-01-29,168.54
2023-01-29T20:00:00Z,2023-01-29,164.49
2023-01-29T21:00:00Z,2023-01-29,158.51
2023-01-29T22:00:00Z,2023-01-29,158.52
2023-01-29T23:00:00Z,2023-01-29,157.67
2023-01-30T00:00:00Z,2023-01-30,150.66
2023-01-30T01:00:00Z,2023-01-30,143.15
2023-01-30T02:00:00Z,2023-01-30,143
2023-01-30T03:00:00Z,2023-01-30,139.91
2023-01-30T04:00:00Z,2023-01-30,140.9
2023-01-30T05:00:00Z,2023-01-30,148.76
2023-01-30T06:00:00Z,2023-01-30,158.58
2023-01-30T07:00:00Z,2023-01-30,169.98000000000002
2023-01-30T08:00:00Z,2023-01-30,172.28
2023-01-30T09:00:00Z,2023-01-30,173.92000000000002
2023-01-30T10:00:00Z,2023-01-30,168.85000000000002
2023-01-30T11:00:00Z,2023-01-30,164.41
2023-01-30T12:00:00Z,2023-01-30,159.29
2023-01-30T13:00:00Z,2023-01-30,160.05
2023-01-30T14:00:00Z,2023-01-30,158.79
2023-01-30T15:00:00Z,2023-01-30,167.51
2023-01-30T16:00:00Z,2023-01-30,173.95000000000002
2023-01-30T17:00:00Z,2023-01-30,177.84
2023-01-30T18:00:00Z,2023-01-30,201.14
2023-01-30T19:00:00Z,2023-01-30,193.07
2023-01-30T20:00:00Z,2023-01-30,177.65
2023-01-30T21:00:00Z,2023-01-30,165.45000000000002
2023-01-30T22:00:00Z,2023-01-30,158.59
2023-01-30T23:00:00Z,2023-01-30,154.31
2023-01-31T00:00:00Z,2023-01-31,155.4
2023-01-31T01:00:00Z,2023-01-31,154.06
2023-01-31T02:00:00Z,2023-01-31,150.57
2023-01-31T03:00:00Z,2023-01-31,144.99
2023-01-31T04:00:00Z,2023-01-31,142.82000000000002
2023-01-31T05:00:00Z,2023-01-31,151.98000000000002
2023-01-31T06:00:00Z,2023-01-31,162.28
2023-01-31T07:00:00Z,2023-01-31,183.51
2023-01-31T08:00:00Z,2023-01-31,193.09
2023-01-31T09:00:00Z,2023-01-31,192.33
2023-01-31T10:00:00Z,2023-01-31,188.1
2023-01-31T11:00:00Z,2023-01-31,177.37
2023-01-31T12:00:00Z,2023-01-31,169.76
2023-01-31T13:00:00Z,2023-01-31,160.33
2023-01-31T14:00:00Z,2023-01-31,160.33
2023-01-31T15:00:00Z,2023-01-31,166.25
2023-01-31T16:00:00Z,2023-01-31,169.37
2023-01-31T17:00:00Z,2023-01-31,176.6
2023-01-31T18:00:00Z,2023-01-31,189.57
2023-01-31T19:00:00Z,2023-01-31,187.19
2023-01-31T20:00:00Z,2023-01-31,174.95000000000002
2023-01-31T21:00:00Z,2023-01-31,169.66
2023-01-31T22:00:00Z,2023-01-31,168.31
2023-01-31T23:00:00Z,2023-01-31,160.23
2023-02-01T00:00:00Z,2023-02-01,150.58
2023-02-01T01:00:00Z,2023-02-01,150.06
2023-02-01T02:00:00Z,2023-02-01,147.70999999999998
2023-02-01T03:00:00Z,2023-02-01,143.86
2023-02-01T04:00:00Z,2023-02-01,147.04
2023-02-01T05:00:00Z,2023-02-01,148.7
2023-02-01T06:00:00Z,2023-02-01,161.72
2023-02-01T07:00:00Z,2023-02-01,175.94
2023-02-01T08:00:00Z,2023-02-01,180.70999999999998
2023-02-01T09:00:00Z,2023-02-01,183.33
2023-02-01T10:00:00Z,2023-02-01,178.86
2023-02-01T11:00:00Z,2023-02-01,165.04
2023-02-01T12:00:00Z,2023-02-01,153.04
2023-02-01T13:00:00Z,2023-02-01,151.2
2023-02-01T14:00:00Z,2023-02-01,152.94
2023-02-01T15:00:00Z,2023-02-01,155.81
2023-02-01T16:00:00Z,2023-02-01,171.06
2023-02-01T17:00:00Z,2023-02-01,175.09
2023-02-01T18:00:00Z,2023-02-01,180.76
2023-02-01T19:00:00Z,2023-02-01,180.06
2023-02-01T20:00:00Z,2023-02-01,172.79
2023-02-01T21:00:00Z,2023-02-01,155.02
2023-02-01T22:00:00Z,2023-02-01,153.16
2023-02-01T23:00:00Z,2023-02-01,150.47
2023-02-02T00:00:00Z,2023-02-02,145.23999999999998
2023-02-02T01:00:00Z,2023-02-02,140
2023-02-02T02:00:00Z,2023-02-02,135.64
2023-02-02T03:00:00Z,2023-02-02,133.85000000000002
2023-02-02T04:00:00Z,2023-02-02,135.06
2023-02-02T05:00:00Z,2023-02-02,145.82000000000002
2023-02-02T06:00:00Z,2023-02-02,155
2023-02-02T07:00:00Z,2023-02-02,174.97
2023-02-02T08:00:00Z,2023-02-02,180.68
2023-02-02T09:00:00Z,2023-02-02,179.04
2023-02-02T10:00:00Z,2023-02-02,173.14
2023-02-02T11:00:00Z,2023-02-02,168.97
2023-02-02T12:00:00Z,2023-02-02,162.14
2023-02-02T13:00:00Z,2023-02-02,156.72
2023-02-02T14:00:00Z,2023-02-02,162
2023-02-02T15:00:00Z,2023-02-02,168.93
2023-02-02T16:00:00Z,2023-02-02,174.87
2023-02-02T17:00:00Z,2023-02-02,186.05
2023-02-02T18:00:00Z,2023-02-02,186.73
2023-02-02T19:00:00Z,2023-02-02,183.51
2023-02-02T20:00:00Z,2023-02-02,177.94
2023-02-02T21:00:00Z,2023-02-02,168.54
2023-02-02T22:00:00Z,2023-02-02,162.05
2023-02-02T23:00:00Z,2023-02-02,154.01
2023-02-03T00:00:00Z,2023-02-03,153.64
2023-02-03T01:00:00Z,2023-02-03,146.51
2023-02-03T02:00:00Z,2023-02-03,141.10999999999999
2023-02-03T03:00:00Z,2023-02-03,140.42000000000002
2023-02-03T04:00:00Z,2023-02-03,138.87
2023-02-03T05:00:00Z,2023-02-03,149.88000000000002
2023-02-03T06:00:00Z,2023-02-03,170.07
2023-02-03T07:00:00Z,2023-02-03,176.72
2023-02-03T08:00:00Z,2023-02-03,177.79
2023-02-03T09:00:00Z,2023-02-03,177.03
2023-02-03T10:00:00Z,2023-02-03,171.72
2023-02-03T11:00:00Z,2023-02-03,161.56
2023-02-03T12:00:00Z,2023-02-03,156.23999999999998
2023-02-03T13:00:00Z,2023-02-03,154.94
2023-02-03T14:00:00Z,2023-02-03,156.23999999999998
2023-02-03T15:00:00Z,2023-02-03,161.03
2023-02-03T16:00:00Z,2023-02-03,174.97
2023-02-03T17:00:00Z,2023-02-03,174.42000000000002
2023-02-03T18:00:00Z,2023-02-03,181.33
2023-02-03T19:00:00Z,2023-02-03,180.02
2023-02-03T20:00:00Z,2023-02-03,179.18
2023-02-03T21:00:00Z,2023-02-03,164.78
2023-02-03T22:00:00Z,2023-02-03,155.51
2023-02-03T23:00:00Z,2023-02-03,148.85000000000002
2023-02-04T00:00:00Z,2023-02-04,149.08
2023-02-04T01:00:00Z,2023-02-04,144.96
2023-02-04T02:00:00Z,2023-02-04,142.09
2023-02-04T03:00:00Z,2023-02-04,135.8
2023-02-04T04:00:00Z,2023-02-04,133.13
2023-02-04T05:00:00Z,2023-02-04,140.62
2023-02-04T06:00:00Z,2023-02-04,148.08
2023-02-04T07:00:00Z,2023-02-04,158.06
2023-02-04T08:00:00Z,2023-02-04,162.52
2023-02-04T09:00:00Z,2023-02-04,164.08
2023-02-04T10:00:00Z,2023-02-04,156.16
2023-02-04T11:00:00Z,2023-02-04,150.44
2023-02-04T12:00:00Z,2023-02-04,141.07
2023-02-04T13:00:00Z,2023-02-04,135.01
2023-02-04T14:00:00Z,2023-02-04,140.12
2023-02-04T15:00:00Z,2023-02-04,142.34
2023-02-04T16:00:00Z,2023-02-04,151.45000000000002
2023-02-04T17:00:00Z,2023-02-04,167.12
2023-02-04T18:00:00Z,2023-02-04,174.23
2023-02-04T19:00:00Z,2023-02-04,174.16
2023-02-04T20:00:00Z,2023-02-04,164.16
2023-02-04T21:00:00Z,2023-02-04,150.87
2023-02-04T22:00:00Z,2023-02-04,144.99
2023-02-04T23:00:00Z,2023-02-04,137.35000000000002
2023-02-05T00:00:00Z,2023-02-05,142.86
2023-02-05T01:00:00Z,2023-02-05,131.79
2023-02-05T02:00:00Z,2023-02-05,123.66999999999999
2023-02-05T03:00:00Z,2023-02-05,115.99000000000001
2023-02-05T04:00:00Z,2023-02-05,109.16
2023-02-05T05:00:00Z,2023-02-05,112.88
2023-02-05T06:00:00Z,2023-02-05,119.08
2023-02-05T07:00:00Z,2023-02-05,131.26
2023-02-05T08:00:00Z,2023-02-05,138.26999999999998
2023-02-05T09:00:00Z,2023-02-05,142.66
2023-02-05T10:00:00Z,2023-02-05,138.12
2023-02-05T11:00:00Z,2023-02-05,139.95000000000002
2023-02-05T12:00:00Z,2023-02-05,138.05
2023-02-05T13:00:00Z,2023-02-05,124.93
2023-02-05T14:00:00Z,2023-02-05,126.39
2023-02-05T15:00:00Z,2023-02-05,134.8
2023-02-05T16:00:00Z,2023-02-05,142.65
2023-02-05T17:00:00Z,2023-02-05,151.76999999999998
2023-02-05T18:00:00Z,2023-02-05,169.26999999999998
2023-02-05T19:00:00Z,2023-02-05,170.13
2023-02-05T20:00:00Z,2023-02-05,166.08
2023-02-05T21:00:00Z,2023-02-05,151.42000000000002
2023-02-05T22:00:00Z,2023-02-05,150.82000000000002
2023-02-05T23:00:00Z,2023-02-05,140.83
2023-02-06T00:00:00Z,2023-02-06,151.18
2023-02-06T01:00:00Z,2023-02-06,147.05
2023-02-06T02:00:00Z,2023-02-06,144.33
2023-02-06T03:00:00Z,2023-02-06,142.86
2023-02-06T04:00:00Z,2023-02-06,145.54
2023-02-06T05:00:00Z,2023-02-06,155.53
2023-02-06T06:00:00Z,2023-02-06,178.7
2023-02-06T07:00:00Z,2023-02-06,202.76
2023-02-06T08:00:00Z,2023-02-06,214.60999999999999
2023-02-06T09:00:00Z,2023-02-06,204.10999999999999
2023-02-06T10:00:00Z,2023-02-06,188.89000000000001
2023-02-06T11:00:00Z,2023-02-06,182.12
2023-02-06T12:00:00Z,2023-02-06,173.4
2023-02-06T13:00:00Z,2023-02-06,168.63
2023-02-06T14:00:00Z,2023-02-06,169.26999999999998
2023-02-06T15:00:00Z,2023-02-06,177.36
2023-02-06T16:00:00Z,2023-02-06,186.7
2023-02-06T17:00:00Z,2023-02-06,206.32000000000002
2023-02-06T18:00:00Z,2023-02-06,216.99
2023-02-06T19:00:00Z,2023-02-06,205.96
2023-02-06T20:00:00Z,2023-02-06,188.09
2023-02-06T21:00:00Z,2023-02-06,175.26999999999998
2023-02-06T22:00:00Z,2023-02-06,170.05
2023-02-06T23:00:00Z,2023-02-06,156.1
2023-02-07T00:00:00Z,2023-02-07,158.44
2023-02-07T01:00:00Z,2023-02-07,154.78
2023-02-07T02:00:00Z,2023-02-07,153.06
2023-02-07T03:00:00Z,2023-02-07,150.69
2023-02-07T04:00:00Z,2023-02-07,151.32000000000002
2023-02-07T05:00:00Z,2023-02-07,157.56
2023-02-07T06:00:00Z,2023-02-07,178.29
2023-02-07T07:00:00Z,2023-02-07,201.93
2023-02-07T08:00:00Z,2023-02-07,211.94
2023-02-07T09:00:00Z,2023-02-07,193.19
2023-02-07T10:00:00Z,2023-02-07,175.7
2023-02-07T11:00:00Z,2023-02-07,172.84
2023-02-07T12:00:00Z,2023-02-07,159.3
2023-02-07T13:00:00Z,2023-02-07,156.83
2023-02-07T14:00:00Z,2023-02-07,160.53
2023-02-07T15:00:00Z,2023-02-07,168.62
2023-02-07T16:00:00Z,2023-02-07,185.88000000000002
2023-02-07T17:00:00Z,2023-02-07,210.62
2023-02-07T18:00:00Z,2023-02-07,236.26999999999998
2023-02-07T19:00:00Z,2023-02-07,221.03
2023-02-07T20:00:00Z,2023-02-07,194.75
2023-02-07T21:00:00Z,2023-02-07,176.51
2023-02-07T22:00:00Z,2023-02-07,170.31
2023-02-07T23:00:00Z,2023-02-07,161.28
2023-02-08T00:00:00Z,2023-02-08,157.58
2023-02-08T01:00:00Z,2023-02-08,154.73
2023-02-08T02:00:00Z,2023-02-08,152.72
2023-02-08T03:00:00Z,2023-02-08,150.45000000000002
2023-02-08T04:00:00Z,2023-02-08,151.52
2023-02-08T05:00:00Z,2023-02-08,156.99
2023-02-08T06:00:00Z,2023-02-08,176.46
2023-02-08T07:00:00Z,2023-02-08,201.93
2023-02-08T08:00:00Z,2023-02-08,216.65
2023-02-08T09:00:00Z,2023-02-08,186.09
2023-02-08T10:00:00Z,2023-02-08,169.52
2023-02-08T11:00:00Z,2023-02-08,162.46
2023-02-08T12:00:00Z,2023-02-08,154.31
2023-02-08T13:00:00Z,2023-02-08,153.67
2023-02-08T14:00:00Z,2023-02-08,159.36
2023-02-08T15:00:00Z,2023-02-08,165.04
2023-02-08T16:00:00Z,2023-02-08,173.57
2023-02-08T17:00:00Z,2023-02-08,195
2023-02-08T18:00:00Z,2023-02-08,201.39000000000001
2023-02-08T19:00:00Z,2023-02-08,198.98000000000002
2023-02-08T20:00:00Z,2023-02-08,189.66
2023-02-08T21:00:00Z,2023-02-08,175.01
2023-02-08T22:00:00Z,2023-02-08,165.59
2023-02-08T23:00:00Z,2023-02-08,159.45000000000002
2023-02-09T00:00:00Z,2023-02-09,151.93
2023-02-09T01:00:00Z,2023-02-09,149
2023-02-09T02:00:00Z,2023-02-09,144.93
2023-02-09T03:00:00Z,2023-02-09,141.97
2023-02-09T04:00:00Z,2023-02-09,141.72
2023-02-09T05:00:00Z,2023-02-09,145.02
2023-02-09T06:00:00Z,2023-02-09,165.05
2023-02-09T07:00:00Z,2023-02-09,181.65
2023-02-09T08:00:00Z,2023-02-09,192.41
2023-02-09T09:00:00Z,2023-02-09,187.02
2023-02-09T10:00:00Z,2023-02-09,170.09
2023-02-09T11:00:00Z,2023-02-09,157.22
2023-02-09T12:00:00Z,2023-02-09,145.96
2023-02-09T13:00:00Z,2023-02-09,144.64
2023-02-09T14:00:00Z,2023-02-09,151.26
2023-02-09T15:00:00Z,2023-02-09,156.81
2023-02-09T16:00:00Z,2023-02-09,162.52
2023-02-09T17:00:00Z,2023-02-09,178.39000000000001
2023-02-09T18:00:00Z,2023-02-09,187.96
2023-02-09T19:00:00Z,2023-02-09,187.98000000000002
2023-02-09T20:00:00Z,2023-02-09,176.9
2023-02-09T21:00:00Z,2023-02-09,165.70999999999998
2023-02-09T22:00:00Z,2023-02-09,159.72
2023-02-09T23:00:00Z,2023-02-09,155.89000000000001
2023-02-10T00:00:00Z,2023-02-10,155.6
2023-02-10T01:00:00Z,2023-02-10,152.17
2023-02-10T02:00:00Z,2023-02-10,148.2
2023-02-10T03:00:00Z,2023-02-10,142.58
2023-02-10T04:00:00Z,2023-02-10,138.36
2023-02-10T05:00:00Z,2023-02-10,145.06
2023-02-10T06:00:00Z,2023-02-10,166.53
2023-02-10T07:00:00Z,2023-02-10,180.28
2023-02-10T08:00:00Z,2023-02-10,194.91
2023-02-10T09:00:00Z,2023-02-10,185.2
2023-02-10T10:00:00Z,2023-02-10,174.25
2023-02-10T11:00:00Z,2023-02-10,158.08
2023-02-10T12:00:00Z,2023-02-10,148.02
2023-02-10T13:00:00Z,2023-02-10,144
2023-02-10T14:00:00Z,2023-02-10,151.32000000000002
2023-02-10T15:00:00Z,2023-02-10,157.19
2023-02-10T16:00:00Z,2023-02-10,160.45000000000002
2023-02-10T17:00:00Z,2023-02-10,169.99
2023-02-10T18:00:00Z,2023-02-10,178.82000000000002
2023-02-10T19:00:00Z,2023-02-10,180.05
2023-02-10T20:00:00Z,2023-02-10,169.89000000000001
2023-02-10T21:00:00Z,2023-02-10,161.6
2023-02-10T22:00:00Z,2023-02-10,158.82000000000002
2023-02-10T23:00:00Z,2023-02-10,153.06
2023-02-11T00:00:00Z,2023-02-11,158.95000000000002
2023-02-11T01:00:00Z,2023-02-11,152.76
2023-02-11T02:00:00Z,2023-02-11,149.09
2023-02-11T03:00:00Z,2023-02-11,144.81
2023-02-11T04:00:00Z,2023-02-11,143.09
2023-02-11T05:00:00Z,2023-02-11,144.97
2023-02-11T06:00:00Z,2023-02-11,151.75
2023-02-11T07:00:00Z,2023-02-11,160.03
2023-02-11T08:00:00Z,2023-02-11,167.82000000000002
2023-02-11T09:00:00Z,2023-02-11,166.81
2023-02-11T10:00:00Z,2023-02-11,154.91
2023-02-11T11:00:00Z,2023-02-11,150
2023-02-11T12:00:00Z,2023-02-11,142.1
2023-02-11T13:00:00Z,2023-02-11,136.23
2023-02-11T14:00:00Z,2023-02-11,141.95000000000002
2023-02-11T15:00:00Z,2023-02-11,145.72
2023-02-11T16:00:00Z,2023-02-11,154.72
2023-02-11T17:00:00Z,2023-02-11,159.99
2023-02-11T18:00:00Z,2023-02-11,169.8
2023-02-11T19:00:00Z,2023-02-11,176.23999999999998
2023-02-11T20:00:00Z,2023-02-11,167.87
2023-02-11T21:00:00Z,2023-02-11,165.35000000000002
2023-02-11T22:00:00Z,2023-02-11,162.55
2023-02-11T23:00:00Z,2023-02-11,157.06
2023-02-12T00:00:00Z,2023-02-12,150.17
2023-02-12T01:00:00Z,2023-02-12,145.29
2023-02-12T02:00:00Z,2023-02-12,141.99
2023-02-12T03:00:00Z,2023-02-12,139.26999999999998
2023-02-12T04:00:00Z,2023-02-12,139.38000000000002
2023-02-12T05:00:00Z,2023-02-12,140.07
2023-02-12T06:00:00Z,2023-02-12,140.39000000000001
2023-02-12T07:00:00Z,2023-02-12,143.05
2023-02-12T08:00:00Z,2023-02-12,147.87
2023-02-12T09:00:00Z,2023-02-12,148.16
2023-02-12T10:00:00Z,2023-02-12,141.14
2023-02-12T11:00:00Z,2023-02-12,137.23
2023-02-12T12:00:00Z,2023-02-12,130.73
2023-02-12T13:00:00Z,2023-02-12,122.55
2023-02-12T14:00:00Z,2023-02-12,124.61999999999999
2023-02-12T15:00:00Z,2023-02-12,132.09
2023-02-12T16:00:00Z,2023-02-12,139.93
2023-02-12T17:00:00Z,2023-02-12,157.19
2023-02-12T18:00:00Z,2023-02-12,174.97
2023-02-12T19:00:00Z,2023-02-12,172.86
2023-02-12T20:00:00Z,2023-02-12,169.19
2023-02-12T21:00:00Z,2023-02-12,160.56
2023-02-12T22:00:00Z,2023-02-12,154.39000000000001
2023-02-12T23:00:00Z,2023-02-12,144.28
2023-02-13T00:00:00Z,2023-02-13,139.42000000000002
2023-02-13T01:00:00Z,2023-02-13,138.16
2023-02-13T02:00:00Z,2023-02-13,136.08
2023-02-13T03:00:00Z,2023-02-13,131.94
2023-02-13T04:00:00Z,2023-02-13,134.63
2023-02-13T05:00:00Z,2023-02-13,141.49
2023-02-13T06:00:00Z,2023-02-13,167.03
2023-02-13T07:00:00Z,2023-02-13,190.46
2023-02-13T08:00:00Z,2023-02-13,197.41
2023-02-13T09:00:00Z,2023-02-13,191.55
2023-02-13T10:00:00Z,2023-02-13,173.18
2023-02-13T11:00:00Z,2023-02-13,162.53
2023-02-13T12:00:00Z,2023-02-13,145
2023-02-13T13:00:00Z,2023-02-13,143.88000000000002
2023-02-13T14:00:00Z,2023-02-13,147.5
2023-02-13T15:00:00Z,2023-02-13,155.59
2023-02-13T16:00:00Z,2023-02-13,168.70999999999998
2023-02-13T17:00:00Z,2023-02-13,186.20999999999998
2023-02-13T18:00:00Z,2023-02-13,197.07
2023-02-13T19:00:00Z,2023-02-13,198.89000000000001
2023-02-13T20:00:00Z,2023-02-13,187.78
2023-02-13T21:00:00Z,2023-02-13,172.9
2023-02-13T22:00:00Z,2023-02-13,164.63
2023-02-13T23:00:00Z,2023-02-13,157.20999999999998
2023-02-14T00:00:00Z,2023-02-14,148.26
2023-02-14T01:00:00Z,2023-02-14,141.78
2023-02-14T02:00:00Z,2023-02-14,139.15
2023-02-14T03:00:00Z,2023-02-14,139.35000000000002
2023-02-14T04:00:00Z,2023-02-14,140.32000000000002
2023-02-14T05:00:00Z,2023-02-14,144.3
2023-02-14T06:00:00Z,2023-02-14,173
2023-02-14T07:00:00Z,2023-02-14,197.44
2023-02-14T08:00:00Z,2023-02-14,210.91
2023-02-14T09:00:00Z,2023-02-14,189.94
2023-02-14T10:00:00Z,2023-02-14,166.02
2023-02-14T11:00:00Z,2023-02-14,149.4
2023-02-14T12:00:00Z,2023-02-14,137.4
2023-02-14T13:00:00Z,2023-02-14,137.56
2023-02-14T14:00:00Z,2023-02-14,140.17
2023-02-14T15:00:00Z,2023-02-14,148.45000000000002
2023-02-14T16:00:00Z,2023-02-14,161.02
2023-02-14T17:00:00Z,2023-02-14,187.02
2023-02-14T18:00:00Z,2023-02-14,206.98000000000002
2023-02-14T19:00:00Z,2023-02-14,199.98000000000002
2023-02-14T20:00:00Z,2023-02-14,180.44
2023-02-14T21:00:00Z,2023-02-14,162.7
2023-02-14T22:00:00Z,2023-02-14,152.7
2023-02-14T23:00:00Z,2023-02-14,144.97
2023-02-15T00:00:00Z,2023-02-15,138.7
2023-02-15T01:00:00Z,2023-02-15,135.69
2023-02-15T02:00:00Z,2023-02-15,133.14
2023-02-15T03:00:00Z,2023-02-15,132.5
2023-02-15T04:00:00Z,2023-02-15,133.38000000000002
2023-02-15T05:00:00Z,2023-02-15,139.23999999999998
2023-02-15T06:00:00Z,2023-02-15,161.07
2023-02-15T07:00:00Z,2023-02-15,187.78
2023-02-15T08:00:00Z,2023-02-15,194.49
2023-02-15T09:00:00Z,2023-02-15,176.10999999999999
2023-02-15T10:00:00Z,2023-02-15,154.68
2023-02-15T11:00:00Z,2023-02-15,144.35000000000002
2023-02-15T12:00:00Z,2023-02-15,136.91
2023-02-15T13:00:00Z,2023-02-15,135.82000000000002
2023-02-15T14:00:00Z,2023-02-15,139.63
2023-02-15T15:00:00Z,2023-02-15,152.95000000000002
2023-02-15T16:00:00Z,2023-02-15,164.96
2023-02-15T17:00:00Z,2023-02-15,173.51
2023-02-15T18:00:00Z,2023-02-15,180.58
2023-02-15T19:00:00Z,2023-02-15,179.60999999999999
2023-02-15T20:00:00Z,2023-02-15,172.34
2023-02-15T21:00:00Z,2023-02-15,164.44
2023-02-15T22:00:00Z,2023-02-15,156.79
2023-02-15T23:00:00Z,2023-02-15,152.15
2023-02-16T00:00:00Z,2023-02-16,150.07
2023-02-16T01:00:00Z,2023-02-16,141.68
2023-02-16T02:00:00Z,2023-02-16,142.23999999999998
2023-02-16T03:00:00Z,2023-02-16,141.8
2023-02-16T04:00:00Z,2023-02-16,141.39000000000001
2023-02-16T05:00:00Z,2023-02-16,150.13
2023-02-16T06:00:00Z,2023-02-16,163.57
2023-02-16T07:00:00Z,2023-02-16,173.5
2023-02-16T08:00:00Z,2023-02-16,176.10999999999999
2023-02-16T09:00:00Z,2023-02-16,171.86
2023-02-16T10:00:00Z,2023-02-16,162.39000000000001
2023-02-16T11:00:00Z,2023-02-16,155.06
2023-02-16T12:00:00Z,2023-02-16,148.67
2023-02-16T13:00:00Z,2023-02-16,148
2023-02-16T14:00:00Z,2023-02-16,151.95000000000002
2023-02-16T15:00:00Z,2023-02-16,157.48000000000002
2023-02-16T16:00:00Z,2023-02-16,162.55
2023-02-16T17:00:00Z,2023-02-16,167.92000000000002
2023-02-16T18:00:00Z,2023-02-16,169.46
2023-02-16T19:00:00Z,2023-02-16,169.5
2023-02-16T20:00:00Z,2023-02-16,165.76999999999998
2023-02-16T21:00:00Z,2023-02-16,156.06
2023-02-16T22:00:00Z,2023-02-16,155.79
2023-02-16T23:00:00Z,2023-02-16,149.4
2023-02-17T00:00:00Z,2023-02-17,145.49
2023-02-17T01:00:00Z,2023-02-17,138.62
2023-02-17T02:00:00Z,2023-02-17,136.3
2023-02-17T03:00:00Z,2023-02-17,132.37
2023-02-17T04:00:00Z,2023-02-17,132.9
2023-02-17T05:00:00Z,2023-02-17,139.16
2023-02-17T06:00:00Z,2023-02-17,161.92000000000002
2023-02-17T07:00:00Z,2023-02-17,168.5
2023-02-17T08:00:00Z,2023-02-17,169.58
2023-02-17T09:00:00Z,2023-02-17,168.58
2023-02-17T10:00:00Z,2023-02-17,159.60999999999999
2023-02-17T11:00:00Z,2023-02-17,154.35000000000002
2023-02-17T12:00:00Z,2023-02-17,145.15
2023-02-17T13:00:00Z,2023-02-17,144.07
2023-02-17T14:00:00Z,2023-02-17,146.34
2023-02-17T15:00:00Z,2023-02-17,155.56
2023-02-17T16:00:00Z,2023-02-17,162.96
2023-02-17T17:00:00Z,2023-02-17,161.15
2023-02-17T18:00:00Z,2023-02-17,160.78
2023-02-17T19:00:00Z,2023-02-17,166.13
2023-02-17T20:00:00Z,2023-02-17,165.13
2023-02-17T21:00:00Z,2023-02-17,159.65
2023-02-17T22:00:00Z,2023-02-17,158.91
2023-02-17T23:00:00Z,2023-02-17,148.02
2023-02-18T00:00:00Z,2023-02-18,147.92000000000002
2023-02-18T01:00:00Z,2023-02-18,140.22
2023-02-18T02:00:00Z,2023-02-18,131.67
2023-02-18T03:00:00Z,2023-02-18,137.26999999999998
2023-02-18T04:00:00Z,2023-02-18,132.48000000000002
2023-02-18T05:00:00Z,2023-02-18,132.16
2023-02-18T06:00:00Z,2023-02-18,132.5
2023-02-18T07:00:00Z,2023-02-18,149.5
2023-02-18T08:00:00Z,2023-02-18,150.01
2023-02-18T09:00:00Z,2023-02-18,148.65
2023-02-18T10:00:00Z,2023-02-18,131.08
2023-02-18T11:00:00Z,2023-02-18,127.56
2023-02-18T12:00:00Z,2023-02-18,125.83
2023-02-18T13:00:00Z,2023-02-18,123.4
2023-02-18T14:00:00Z,2023-02-18,124.84
2023-02-18T15:00:00Z,2023-02-18,130.72
2023-02-18T16:00:00Z,2023-02-18,135.68
2023-02-18T17:00:00Z,2023-02-18,150.09
2023-02-18T18:00:00Z,2023-02-18,153.86
2023-02-18T19:00:00Z,2023-02-18,152.83
2023-02-18T20:00:00Z,2023-02-18,150.09
2023-02-18T21:00:00Z,2023-02-18,150.02
2023-02-18T22:00:00Z,2023-02-18,146.05
2023-02-18T23:00:00Z,2023-02-18,131.18
2023-02-19T00:00:00Z,2023-02-19,131.51
2023-02-19T01:00:00Z,2023-02-19,131.20999999999998
2023-02-19T02:00:00Z,2023-02-19,130.2
2023-02-19T03:00:00Z,2023-02-19,126.22
2023-02-19T04:00:00Z,2023-02-19,123.06
2023-02-19T05:00:00Z,2023-02-19,122.45
2023-02-19T06:00:00Z,2023-02-19,128.06
2023-02-19T07:00:00Z,2023-02-19,129.46
2023-02-19T08:00:00Z,2023-02-19,125.9
2023-02-19T09:00:00Z,2023-02-19,127.09
2023-02-19T10:00:00Z,2023-02-19,126.11999999999999
2023-02-19T11:00:00Z,2023-02-19,123.28
2023-02-19T12:00:00Z,2023-02-19,115.48
2023-02-19T13:00:00Z,2023-02-19,101.91000000000001
2023-02-19T14:00:00Z,2023-02-19,104.81
2023-02-19T15:00:00Z,2023-02-19,107.6
2023-02-19T16:00:00Z,2023-02-19,123.92
2023-02-19T17:00:00Z,2023-02-19,153.12
2023-02-19T18:00:00Z,2023-02-19,158.03
2023-02-19T19:00:00Z,2023-02-19,161.6
2023-02-19T20:00:00Z,2023-02-19,158.08
2023-02-19T21:00:00Z,2023-02-19,153.38000000000002
2023-02-19T22:00:00Z,2023-02-19,150.13
2023-02-19T23:00:00Z,2023-02-19,141.99
2023-02-20T00:00:00Z,2023-02-20,124.95
2023-02-20T01:00:00Z,2023-02-20,117.85
2023-02-20T02:00:00Z,2023-02-20,120.83
2023-02-20T03:00:00Z,2023-02-20,124.06
2023-02-20T04:00:00Z,2023-02-20,124.52
2023-02-20T05:00:00Z,2023-02-20,128.23
2023-02-20T06:00:00Z,2023-02-20,155.5
2023-02-20T07:00:00Z,2023-02-20,157.78
2023-02-20T08:00:00Z,2023-02-20,161.42000000000002
2023-02-20T09:00:00Z,2023-02-20,159.02
2023-02-20T10:00:00Z,2023-02-20,153.59
2023-02-20T11:00:00Z,2023-02-20,146.1
2023-02-20T12:00:00Z,2023-02-20,129.7
2023-02-20T13:00:00Z,2023-02-20,128.99
2023-02-20T14:00:00Z,2023-02-20,129.92000000000002
2023-02-20T15:00:00Z,2023-02-20,136.73
2023-02-20T16:00:00Z,2023-02-20,149.14
2023-02-20T17:00:00Z,2023-02-20,151.2
2023-02-20T18:00:00Z,2023-02-20,160.98000000000002
2023-02-20T19:00:00Z,2023-02-20,162.22
2023-02-20T20:00:00Z,2023-02-20,161.46
2023-02-20T21:00:00Z,2023-02-20,149
2023-02-20T22:00:00Z,2023-02-20,148.79
2023-02-20T23:00:00Z,2023-02-20,137.9
2023-02-21T00:00:00Z,2023-02-21,138.05
2023-02-21T01:00:00Z,2023-02-21,133.64
2023-02-21T02:00:00Z,2023-02-21,129.84
2023-02-21T03:00:00Z,2023-02-21,128.85000000000002
2023-02-21T04:00:00Z,2023-02-21,129.01
2023-02-21T05:00:00Z,2023-02-21,134.35000000000002
2023-02-21T06:00:00Z,2023-02-21,151.33
2023-02-21T07:00:00Z,2023-02-21,165.86
2023-02-21T08:00:00Z,2023-02-21,167.43
2023-02-21T09:00:00Z,2023-02-21,167.42000000000002
2023-02-21T10:00:00Z,2023-02-21,162.82000000000002
2023-02-21T11:00:00Z,2023-02-21,152.79
2023-02-21T12:00:00Z,2023-02-21,136.48000000000002
2023-02-21T13:00:00Z,2023-02-21,132.63
2023-02-21T14:00:00Z,2023-02-21,129.49
2023-02-21T15:00:00Z,2023-02-21,134.6
2023-02-21T16:00:00Z,2023-02-21,141.36
2023-02-21T17:00:00Z,2023-02-21,159
2023-02-21T18:00:00Z,2023-02-21,172.04
2023-02-21T19:00:00Z,2023-02-21,172.73
2023-02-21T20:00:00Z,2023-02-21,169.05
2023-02-21T21:00:00Z,2023-02-21,158.20999999999998
2023-02-21T22:00:00Z,2023-02-21,153.16
2023-02-21T23:00:00Z,2023-02-21,141.9
2023-02-22T00:00:00Z,2023-02-22,140.15
2023-02-22T01:00:00Z,2023-02-22,135.33
2023-02-22T02:00:00Z,2023-02-22,131.43
2023-02-22T03:00:00Z,2023-02-22,127.56
2023-02-22T04:00:00Z,2023-02-22,130.36
2023-02-22T05:00:00Z,2023-02-22,141.4
2023-02-22T06:00:00Z,2023-02-22,155.60999999999999
2023-02-22T07:00:00Z,2023-02-22,166.95000000000002
2023-02-22T08:00:00Z,2023-02-22,172.96
2023-02-22T09:00:00Z,2023-02-22,167.06
2023-02-22T10:00:00Z,2023-02-22,160.37
2023-02-22T11:00:00Z,2023-02-22,153.94
2023-02-22T12:00:00Z,2023-02-22,139.04
2023-02-22T13:00:00Z,2023-02-22,136.97
2023-02-22T14:00:00Z,2023-02-22,138.91
2023-02-22T15:00:00Z,2023-02-22,148.42000000000002
2023-02-22T16:00:00Z,2023-02-22,157.92000000000002
2023-02-22T17:00:00Z,2023-02-22,164.01
2023-02-22T18:00:00Z,2023-02-22,172.09
2023-02-22T19:00:00Z,2023-02-22,169.49
2023-02-22T20:00:00Z,2023-02-22,163.38000000000002
2023-02-22T21:00:00Z,2023-02-22,151.01
2023-02-22T22:00:00Z,2023-02-22,146.04
2023-02-22T23:00:00Z,2023-02-22,137.16
2023-02-23T00:00:00Z,2023-02-23,130.7
2023-02-23T01:00:00Z,2023-02-23,124.25
2023-02-23T02:00:00Z,2023-02-23,123.01
2023-02-23T03:00:00Z,2023-02-23,124.54
2023-02-23T04:00:00Z,2023-02-23,125.84
2023-02-23T05:00:00Z,2023-02-23,130.02
2023-02-23T06:00:00Z,2023-02-23,148.64
2023-02-23T07:00:00Z,2023-02-23,168.43
2023-02-23T08:00:00Z,2023-02-23,174.94
2023-02-23T09:00:00Z,2023-02-23,169.01
2023-02-23T10:00:00Z,2023-02-23,163.06
2023-02-23T11:00:00Z,2023-02-23,159.04
2023-02-23T12:00:00Z,2023-02-23,149.85000000000002
2023-02-23T13:00:00Z,2023-02-23,142.7
2023-02-23T14:00:00Z,2023-02-23,139.52
2023-02-23T15:00:00Z,2023-02-23,144.9
2023-02-23T16:00:00Z,2023-02-23,148.18
2023-02-23T17:00:00Z,2023-02-23,154.07
2023-02-23T18:00:00Z,2023-02-23,164.58
2023-02-23T19:00:00Z,2023-02-23,164.56
2023-02-23T20:00:00Z,2023-02-23,158.03
2023-02-23T21:00:00Z,2023-02-23,146.73
2023-02-23T22:00:00Z,2023-02-23,140.86
2023-02-23T23:00:00Z,2023-02-23,128.58
2023-02-24T00:00:00Z,2023-02-24,132.05
2023-02-24T01:00:00Z,2023-02-24,134.07
2023-02-24T02:00:00Z,2023-02-24,130.93
2023-02-24T03:00:00Z,2023-02-24,131.43
2023-02-24T04:00:00Z,2023-02-24,136
2023-02-24T05:00:00Z,2023-02-24,132.38000000000002
2023-02-24T06:00:00Z,2023-02-24,148.97
2023-02-24T07:00:00Z,2023-02-24,162.8
2023-02-24T08:00:00Z,2023-02-24,164.69
2023-02-24T09:00:00Z,2023-02-24,161.87
2023-02-24T10:00:00Z,2023-02-24,158.97
2023-02-24T11:00:00Z,2023-02-24,151.05
2023-02-24T12:00:00Z,2023-02-24,144.34
2023-02-24T13:00:00Z,2023-02-24,135.01
2023-02-24T14:00:00Z,2023-02-24,134.04
2023-02-24T15:00:00Z,2023-02-24,131.76999999999998
2023-02-24T16:00:00Z,2023-02-24,133.88000000000002
2023-02-24T17:00:00Z,2023-02-24,148.48000000000002
2023-02-24T18:00:00Z,2023-02-24,161.43
2023-02-24T19:00:00Z,2023-02-24,161.1
2023-02-24T20:00:00Z,2023-02-24,159.95000000000002
2023-02-24T21:00:00Z,2023-02-24,148.86
2023-02-24T22:00:00Z,2023-02-24,145.60999999999999
2023-02-24T23:00:00Z,2023-02-24,136.23999999999998
2023-02-25T00:00:00Z,2023-02-25,149.93
2023-02-25T01:00:00Z,2023-02-25,145.64
2023-02-25T02:00:00Z,2023-02-25,140.63
2023-02-25T03:00:00Z,2023-02-25,134.18
2023-02-25T04:00:00Z,2023-02-25,133.32000000000002
2023-02-25T05:00:00Z,2023-02-25,133.51
2023-02-25T06:00:00Z,2023-02-25,135.10999999999999
2023-02-25T07:00:00Z,2023-02-25,139.85000000000002
2023-02-25T08:00:00Z,2023-02-25,144.48000000000002
2023-02-25T09:00:00Z,2023-02-25,147.95000000000002
2023-02-25T10:00:00Z,2023-02-25,144.04
2023-02-25T11:00:00Z,2023-02-25,139.04
2023-02-25T12:00:00Z,2023-02-25,132.66
2023-02-25T13:00:00Z,2023-02-25,125.75
2023-02-25T14:00:00Z,2023-02-25,123.19
2023-02-25T15:00:00Z,2023-02-25,129.47
2023-02-25T16:00:00Z,2023-02-25,134.72
2023-02-25T17:00:00Z,2023-02-25,134.76999999999998
2023-02-25T18:00:00Z,2023-02-25,155.65
2023-02-25T19:00:00Z,2023-02-25,162.29
2023-02-25T20:00:00Z,2023-02-25,158.63
2023-02-25T21:00:00Z,2023-02-25,150.06
2023-02-25T22:00:00Z,2023-02-25,144.08
2023-02-25T23:00:00Z,2023-02-25,136.55
2023-02-26T00:00:00Z,2023-02-26,146.73
2023-02-26T01:00:00Z,2023-02-26,140.25
2023-02-26T02:00:00Z,2023-02-26,134.98000000000002
2023-02-26T03:00:00Z,2023-02-26,129.03
2023-02-26T04:00:00Z,2023-02-26,126.06
2023-02-26T05:00:00Z,2023-02-26,126
2023-02-26T06:00:00Z,2023-02-26,127.9
2023-02-26T07:00:00Z,2023-02-26,127.77
2023-02-26T08:00:00Z,2023-02-26,130.08
2023-02-26T09:00:00Z,2023-02-26,126.93
2023-02-26T10:00:00Z,2023-02-26,115.59
2023-02-26T11:00:00Z,2023-02-26,107.17999999999999
2023-02-26T12:00:00Z,2023-02-26,100.05
2023-02-26T13:00:00Z,2023-02-26,83.22
2023-02-26T14:00:00Z,2023-02-26,70.36999999999999
2023-02-26T15:00:00Z,2023-02-26,99.96000000000001
2023-02-26T16:00:00Z,2023-02-26,122.97
2023-02-26T17:00:00Z,2023-02-26,136.85000000000002
2023-02-26T18:00:00Z,2023-02-26,155.05
2023-02-26T19:00:00Z,2023-02-26,160.91
2023-02-26T20:00:00Z,2023-02-26,155.09
2023-02-26T21:00:00Z,2023-02-26,152.05
2023-02-26T22:00:00Z,2023-02-26,151.9
2023-02-26T23:00:00Z,2023-02-26,144.19
2023-02-27T00:00:00Z,2023-02-27,133.67
2023-02-27T01:00:00Z,2023-02-27,128.07
2023-02-27T02:00:00Z,2023-02-27,124.92
2023-02-27T03:00:00Z,2023-02-27,124.95
2023-02-27T04:00:00Z,2023-02-27,128.68
2023-02-27T05:00:00Z,2023-02-27,137.10999999999999
2023-02-27T06:00:00Z,2023-02-27,161.94
2023-02-27T07:00:00Z,2023-02-27,178.36
2023-02-27T08:00:00Z,2023-02-27,183.28
2023-02-27T09:00:00Z,2023-02-27,172.59
2023-02-27T10:00:00Z,2023-02-27,162.03
2023-02-27T11:00:00Z,2023-02-27,155.15
2023-02-27T12:00:00Z,2023-02-27,144.75
2023-02-27T13:00:00Z,2023-02-27,139.07
2023-02-27T14:00:00Z,2023-02-27,141.58
2023-02-27T15:00:00Z,2023-02-27,148.28
2023-02-27T16:00:00Z,2023-02-27,157.94
2023-02-27T17:00:00Z,2023-02-27,169.2
2023-02-27T18:00:00Z,2023-02-27,182.85000000000002
2023-02-27T19:00:00Z,2023-02-27,182.5
2023-02-27T20:00:00Z,2023-02-27,172.32000000000002
2023-02-27T21:00:00Z,2023-02-27,161.86
2023-02-27T22:00:00Z,2023-02-27,155.1
2023-02-27T23:00:00Z,2023-02-27,144.39000000000001
2023-02-28T00:00:00Z,2023-02-28,147.26999999999998
2023-02-28T01:00:00Z,2023-02-28,137.62
2023-02-28T02:00:00Z,2023-02-28,136.98000000000002
2023-02-28T03:00:00Z,2023-02-28,134.93
2023-02-28T04:00:00Z,2023-02-28,135.88000000000002
2023-02-28T05:00:00Z,2023-02-28,141.25
2023-02-28T06:00:00Z,2023-02-28,164.95000000000002
2023-02-28T07:00:00Z,2023-02-28,188.73
2023-02-28T08:00:00Z,2023-02-28,187.26
2023-02-28T09:00:00Z,2023-02-28,171.42000000000002
2023-02-28T10:00:00Z,2023-02-28,170.54
2023-02-28T11:00:00Z,2023-02-28,160.95000000000002
2023-02-28T12:00:00Z,2023-02-28,149.59
2023-02-28T13:00:00Z,2023-02-28,142.85000000000002
2023-02-28T14:00:00Z,2023-02-28,142.45000000000002
2023-02-28T15:00:00Z,2023-02-28,147.37
2023-02-28T16:00:00Z,2023-02-28,154.36
2023-02-28T17:00:00Z,2023-02-28,173.25
2023-02-28T18:00:00Z,2023-02-28,196.8
2023-02-28T19:00:00Z,2023-02-28,194.62
2023-02-28T20:00:00Z,2023-02-28,177.82000000000002
2023-02-28T21:00:00Z,2023-02-28,165.57
2023-02-28T22:00:00Z,2023-02-28,159.60999999999999
2023-02-28T23:00:00Z,2023-02-28,154.04
2023-03-01T00:00:00Z,2023-03-01,142.28
2023-03-01T01:00:00Z,2023-03-01,139.09
2023-03-01T02:00:00Z,2023-03-01,138.49
2023-03-01T03:00:00Z,2023-03-01,133.01
2023-03-01T04:00:00Z,2023-03-01,131.99
2023-03-01T05:00:00Z,2023-03-01,142.94
2023-03-01T06:00:00Z,2023-03-01,162.62
2023-03-01T07:00:00Z,2023-03-01,179.94
2023-03-01T08:00:00Z,2023-03-01,183.12
2023-03-01T09:00:00Z,2023-03-01,164.37
2023-03-01T10:00:00Z,2023-03-01,164.34
2023-03-01T11:00:00Z,2023-03-01,156.79
2023-03-01T12:00:00Z,2023-03-01,149.05
2023-03-01T13:00:00Z,2023-03-01,147.28
2023-03-01T14:00:00Z,2023-03-01,147.02
2023-03-01T15:00:00Z,2023-03-01,147.23
2023-03-01T16:00:00Z,2023-03-01,147.5
2023-03-01T17:00:00Z,2023-03-01,164.33
2023-03-01T18:00:00Z,2023-03-01,177.62
2023-03-01T19:00:00Z,2023-03-01,176.41
2023-03-01T20:00:00Z,2023-03-01,163.6
2023-03-01T21:00:00Z,2023-03-01,156.69
2023-03-01T22:00:00Z,2023-03-01,155.52
2023-03-01T23:00:00Z,2023-03-01,148.84
2023-03-02T00:00:00Z,2023-03-02,145.8
2023-03-02T01:00:00Z,2023-03-02,140.58
2023-03-02T02:00:00Z,2023-03-02,135.05
2023-03-02T03:00:00Z,2023-03-02,132.65
2023-03-02T04:00:00Z,2023-03-02,132.16
2023-03-02T05:00:00Z,2023-03-02,139.95000000000002
2023-03-02T06:00:00Z,2023-03-02,158.51
2023-03-02T07:00:00Z,2023-03-02,180.02
2023-03-02T08:00:00Z,2023-03-02,178.16
2023-03-02T09:00:00Z,2023-03-02,166.1
2023-03-02T10:00:00Z,2023-03-02,164.16
2023-03-02T11:00:00Z,2023-03-02,157.01
2023-03-02T12:00:00Z,2023-03-02,146.36
2023-03-02T13:00:00Z,2023-03-02,145.08
2023-03-02T14:00:00Z,2023-03-02,145.64
2023-03-02T15:00:00Z,2023-03-02,145.64
2023-03-02T16:00:00Z,2023-03-02,151.73
2023-03-02T17:00:00Z,2023-03-02,167.13
2023-03-02T18:00:00Z,2023-03-02,185.23
2023-03-02T19:00:00Z,2023-03-02,184.04
2023-03-02T20:00:00Z,2023-03-02,169.22
2023-03-02T21:00:00Z,2023-03-02,160.64
2023-03-02T22:00:00Z,2023-03-02,154.70999999999998
2023-03-02T23:00:00Z,2023-03-02,146.59
2023-03-03T00:00:00Z,2023-03-03,144.33
2023-03-03T01:00:00Z,2023-03-03,140.16
2023-03-03T02:00:00Z,2023-03-03,138.46
2023-03-03T03:00:00Z,2023-03-03,135.69
2023-03-03T04:00:00Z,2023-03-03,136.13
2023-03-03T05:00:00Z,2023-03-03,142.10999999999999
2023-03-03T06:00:00Z,2023-03-03,162.52
2023-03-03T07:00:00Z,2023-03-03,179.82000000000002
2023-03-03T08:00:00Z,2023-03-03,185.55
2023-03-03T09:00:00Z,2023-03-03,165.89000000000001
2023-03-03T10:00:00Z,2023-03-03,165.32000000000002
2023-03-03T11:00:00Z,2023-03-03,157.2
2023-03-03T12:00:00Z,2023-03-03,148.41
2023-03-03T13:00:00Z,2023-03-03,143.79
2023-03-03T14:00:00Z,2023-03-03,144.41
2023-03-03T15:00:00Z,2023-03-03,145.12
2023-03-03T16:00:00Z,2023-03-03,146.33
2023-03-03T17:00:00Z,2023-03-03,158.47
2023-03-03T18:00:00Z,2023-03-03,169.94
2023-03-03T19:00:00Z,2023-03-03,167.06
2023-03-03T20:00:00Z,2023-03-03,163.94
2023-03-03T21:00:00Z,2023-03-03,161.56
2023-03-03T22:00:00Z,2023-03-03,156.68
2023-03-03T23:00:00Z,2023-03-03,152.88000000000002
2023-03-04T00:00:00Z,2023-03-04,151.1
2023-03-04T01:00:00Z,2023-03-04,146.78
2023-03-04T02:00:00Z,2023-03-04,142.3
2023-03-04T03:00:00Z,2023-03-04,137.12
2023-03-04T04:00:00Z,2023-03-04,136.75
2023-03-04T05:00:00Z,2023-03-04,136.52
2023-03-04T06:00:00Z,2023-03-04,141.02
2023-03-04T07:00:00Z,2023-03-04,150.88000000000002
2023-03-04T08:00:00Z,2023-03-04,154.20999999999998
2023-03-04T09:00:00Z,2023-03-04,153.88000000000002
2023-03-04T10:00:00Z,2023-03-04,146.05
2023-03-04T11:00:00Z,2023-03-04,135.49
2023-03-04T12:00:00Z,2023-03-04,129.14
2023-03-04T13:00:00Z,2023-03-04,121.92
2023-03-04T14:00:00Z,2023-03-04,122.21000000000001
2023-03-04T15:00:00Z,2023-03-04,130.46
2023-03-04T16:00:00Z,2023-03-04,132.08
2023-03-04T17:00:00Z,2023-03-04,142.16
2023-03-04T18:00:00Z,2023-03-04,157.57
2023-03-04T19:00:00Z,2023-03-04,157.29
2023-03-04T20:00:00Z,2023-03-04,159.54
2023-03-04T21:00:00Z,2023-03-04,157.26999999999998
2023-03-04T22:00:00Z,2023-03-04,153.9
2023-03-04T23:00:00Z,2023-03-04,148.69
2023-03-05T00:00:00Z,2023-03-05,146.1
2023-03-05T01:00:00Z,2023-03-05,139.70999999999998
2023-03-05T02:00:00Z,2023-03-05,136.38000000000002
2023-03-05T03:00:00Z,2023-03-05,133.42000000000002
2023-03-05T04:00:00Z,2023-03-05,132.56
2023-03-05T05:00:00Z,2023-03-05,131.83
2023-03-05T06:00:00Z,2023-03-05,127.7
2023-03-05T07:00:00Z,2023-03-05,137.76
2023-03-05T08:00:00Z,2023-03-05,141.56
2023-03-05T09:00:00Z,2023-03-05,137.69
2023-03-05T10:00:00Z,2023-03-05,133.63
2023-03-05T11:00:00Z,2023-03-05,131.76999999999998
2023-03-05T12:00:00Z,2023-03-05,126.71000000000001
2023-03-05T13:00:00Z,2023-03-05,120.29
2023-03-05T14:00:00Z,2023-03-05,116.59
2023-03-05T15:00:00Z,2023-03-05,121.69
2023-03-05T16:00:00Z,2023-03-05,130.46
2023-03-05T17:00:00Z,2023-03-05,143.85000000000002
2023-03-05T18:00:00Z,2023-03-05,160.75
2023-03-05T19:00:00Z,2023-03-05,163.19
2023-03-05T20:00:00Z,2023-03-05,158.05
2023-03-05T21:00:00Z,2023-03-05,154.13
2023-03-05T22:00:00Z,2023-03-05,147.47
2023-03-05T23:00:00Z,2023-03-05,139.46
2023-03-06T00:00:00Z,2023-03-06,142.45000000000002
2023-03-06T01:00:00Z,2023-03-06,141.10999999999999
2023-03-06T02:00:00Z,2023-03-06,137.46
2023-03-06T03:00:00Z,2023-03-06,134.13
2023-03-06T04:00:00Z,2023-03-06,133.94
2023-03-06T05:00:00Z,2023-03-06,138.52
2023-03-06T06:00:00Z,2023-03-06,159.19
2023-03-06T07:00:00Z,2023-03-06,184.91
2023-03-06T08:00:00Z,2023-03-06,200.42000000000002
2023-03-06T09:00:00Z,2023-03-06,179.75
2023-03-06T10:00:00Z,2023-03-06,169.92000000000002
2023-03-06T11:00:00Z,2023-03-06,160.97
2023-03-06T12:00:00Z,2023-03-06,152.1
2023-03-06T13:00:00Z,2023-03-06,146.76999999999998
2023-03-06T14:00:00Z,2023-03-06,147.26999999999998
2023-03-06T15:00:00Z,2023-03-06,148.07
2023-03-06T16:00:00Z,2023-03-06,153.25
2023-03-06T17:00:00Z,2023-03-06,166.02
2023-03-06T18:00:00Z,2023-03-06,181.3
2023-03-06T19:00:00Z,2023-03-06,178.07
2023-03-06T20:00:00Z,2023-03-06,161.5
2023-03-06T21:00:00Z,2023-03-06,160.96
2023-03-06T22:00:00Z,2023-03-06,153.1
2023-03-06T23:00:00Z,2023-03-06,147.09
2023-03-07T00:00:00Z,2023-03-07,133.35000000000002
2023-03-07T01:00:00Z,2023-03-07,136.02
2023-03-07T02:00:00Z,2023-03-07,132.53
2023-03-07T03:00:00Z,2023-03-07,131.76999999999998
2023-03-07T04:00:00Z,2023-03-07,128.76
2023-03-07T05:00:00Z,2023-03-07,132.56
2023-03-07T06:00:00Z,2023-03-07,150.46
2023-03-07T07:00:00Z,2023-03-07,161.88000000000002
2023-03-07T08:00:00Z,2023-03-07,160.44
2023-03-07T09:00:00Z,2023-03-07,163.06
2023-03-07T10:00:00Z,2023-03-07,163.04
2023-03-07T11:00:00Z,2023-03-07,156.99
2023-03-07T12:00:00Z,2023-03-07,148.62
2023-03-07T13:00:00Z,2023-03-07,143.73999999999998
2023-03-07T14:00:00Z,2023-03-07,144.29
2023-03-07T15:00:00Z,2023-03-07,147.35000000000002
2023-03-07T16:00:00Z,2023-03-07,153.31
2023-03-07T17:00:00Z,2023-03-07,156.09
2023-03-07T18:00:00Z,2023-03-07,161.76
2023-03-07T19:00:00Z,2023-03-07,156.07
2023-03-07T20:00:00Z,2023-03-07,156.9
2023-03-07T21:00:00Z,2023-03-07,152.06
2023-03-07T22:00:00Z,2023-03-07,144.9
2023-03-07T23:00:00Z,2023-03-07,137.49
